task_id,date,vendor_raw,project_code_raw,miles,amount
1,2026-02-28,Southfield GIS Inc.,OH EXPANSION,17.7,717.84
2,2026-01-26,Southfield GIS Inc.,TX LONG HAUL,7.4,292.76
3,2026-01-18,Global CAD Solutions ,OH EXPANSION,29.1,1186.95
4,2026-03-21,global cad solutions,TN CORRIDOR FIBER,25.8,999.0
5,2026-01-07,global cad solutions,TN CORRIDOR FIBER,24.5,971.23
6,2026-03-27,global cad solutions,TX LONG HAUL,21.0,845.23
7,2026-03-03,Southfield GIS Inc.,VA METRO ROUTE,15.2,614.53
8,2026-01-23,Dominion Aluminum & Fasteners,VA METRO ROUTE,23.9,963.05
9,2026-01-03,Global CAD Solutions ,OH EXPANSION,7.7,304.29
10,2026-01-01,Global CAD Solutions ,TX LONG HAUL,10.2,425.2
11,2026-02-13,Southfield GIS Inc.,OH EXPANSION,6.8,276.78
12,2026-03-09,Dominion Aluminum & Fasteners,TN CORRIDOR FIBER,12.8,493.48
13,2026-02-25,Global CAD Solutions ,TX LONG HAUL,11.2,435.16
14,2026-01-15,Southfield GIS Inc.,TX LONG HAUL,22.1,865.42
15,2026-03-07,global cad solutions,OH EXPANSION,21.1,820.95
16,2026-02-07,Global CAD Solutions ,VA METRO ROUTE,26.6,1114.86
17,2026-03-10,Global CAD Solutions ,TX LONG HAUL,9.7,407.26
18,2026-03-21,Global CAD Solutions ,TN CORRIDOR FIBER,29.7,1165.62
19,2026-02-01,Dominion Aluminum & Fasteners,VA METRO ROUTE,14.7,569.77
20,2026-01-19,global cad solutions,TN CORRIDOR FIBER,20.0,796.02
21,2026-02-05,Southfield GIS Inc.,TX LONG HAUL,26.7,1045.04
22,2026-01-10,global cad solutions,TX LONG HAUL,23.1,902.16
23,2026-03-18,global cad solutions,OH EXPANSION,27.1,1100.6
24,2026-02-02,Global CAD Solutions ,TN CORRIDOR FIBER,6.0,251.22
25,2026-01-24,Southfield GIS Inc.,VA METRO ROUTE,15.5,645.84
26,2026-02-10,global cad solutions,TN CORRIDOR FIBER,8.2,329.46
27,2026-03-28,Global CAD Solutions ,VA METRO ROUTE,10.3,429.53
28,2026-03-01,Global CAD Solutions ,VA METRO ROUTE,15.3,602.39
29,2026-01-06,Dominion Aluminum & Fasteners,VA METRO ROUTE,18.3,766.87
30,2026-01-12,global cad solutions,OH EXPANSION,29.5,1203.58
31,2026-03-17,global cad solutions,TN CORRIDOR FIBER,28.1,1128.55
32,2026-02-23,Dominion Aluminum & Fasteners,TN CORRIDOR FIBER,5.5,224.0
33,2026-02-03,Dominion Aluminum & Fasteners,VA METRO ROUTE,8.4,325.53
34,2026-02-18,Dominion Aluminum & Fasteners,TN CORRIDOR FIBER,27.5,1129.69
35,2026-03-05,Dominion Aluminum & Fasteners,VA METRO ROUTE,7.1,285.11
36,2026-01-28,Southfield GIS Inc.,TN CORRIDOR FIBER,26.6,1077.43
37,2026-03-22,Southfield GIS Inc.,OH EXPANSION,19.6,796.37
38,2026-01-03,Global CAD Solutions ,VA METRO ROUTE,27.0,1108.32
39,2026-02-24,Southfield GIS Inc.,OH EXPANSION,16.6,670.55
40,2026-03-25,Global CAD Solutions ,VA METRO ROUTE,20.0,803.67
41,2026-01-23,Global CAD Solutions ,OH EXPANSION,24.5,999.86
42,2026-02-09,Global CAD Solutions ,VA METRO ROUTE,12.5,510.92
43,2026-01-17,global cad solutions,VA METRO ROUTE,21.5,861.01
44,2026-01-11,Southfield GIS Inc.,VA METRO ROUTE,10.0,400.08
45,2026-01-07,Southfield GIS Inc.,TX LONG HAUL,19.6,776.31
46,2026-01-05,Southfield GIS Inc.,VA METRO ROUTE,25.9,1074.09
47,2026-03-03,Dominion Aluminum & Fasteners,TX LONG HAUL,7.8,313.17
48,2026-01-27,Southfield GIS Inc.,OH EXPANSION,20.6,828.71
49,2026-02-23,Southfield GIS Inc.,VA METRO ROUTE,6.9,266.41
50,2026-03-02,Dominion Aluminum & Fasteners,VA METRO ROUTE,12.7,524.13
51,2026-01-21,global cad solutions,OH EXPANSION,16.4,632.82
52,2026-02-08,global cad solutions,TN CORRIDOR FIBER,29.6,1151.55
53,2026-01-21,Dominion Aluminum & Fasteners,TN CORRIDOR FIBER,22.1,866.27
54,2026-02-09,global cad solutions,TN CORRIDOR FIBER,23.9,964.89
55,2026-01-06,global cad solutions,VA METRO ROUTE,24.5,989.53
56,2026-03-17,global cad solutions,OH EXPANSION,26.2,1072.87
57,2026-01-03,Southfield GIS Inc.,OH EXPANSION,8.2,328.72
58,2026-03-01,Southfield GIS Inc.,VA METRO ROUTE,16.6,676.94
59,2026-01-04,Global CAD Solutions ,TX LONG HAUL,11.1,442.51
60,2026-01-10,Dominion Aluminum & Fasteners,VA METRO ROUTE,27.7,1149.42
61,2026-02-17,Global CAD Solutions ,TN CORRIDOR FIBER,16.0,646.82
62,2026-02-16,Global CAD Solutions ,TX LONG HAUL,25.2,975.85
63,2026-01-06,Dominion Aluminum & Fasteners,TX LONG HAUL,16.8,705.59
64,2026-03-17,Southfield GIS Inc.,OH EXPANSION,19.5,797.78
65,2026-01-15,Dominion Aluminum & Fasteners,TX LONG HAUL,18.1,750.29
66,2026-03-09,Dominion Aluminum & Fasteners,OH EXPANSION,28.9,1200.66
67,2026-03-07,Dominion Aluminum & Fasteners,TX LONG HAUL,29.2,1177.78
68,2026-03-16,global cad solutions,OH EXPANSION,18.4,740.8
69,2026-03-13,Global CAD Solutions ,TN CORRIDOR FIBER,17.9,714.25
70,2026-03-04,Southfield GIS Inc.,TN CORRIDOR FIBER,22.3,863.69
71,2026-03-15,Southfield GIS Inc.,OH EXPANSION,11.7,469.83
72,2026-01-11,Southfield GIS Inc.,OH EXPANSION,18.1,703.73
73,2026-02-20,Global CAD Solutions ,VA METRO ROUTE,8.2,338.07
74,2026-01-02,global cad solutions,TX LONG HAUL,10.7,437.68
75,2026-02-24,Dominion Aluminum & Fasteners,TX LONG HAUL,20.5,796.78
76,2026-03-19,Global CAD Solutions ,VA METRO ROUTE,22.9,937.86
77,2026-02-01,Southfield GIS Inc.,OH EXPANSION,25.6,1040.78
78,2026-03-07,global cad solutions,TX LONG HAUL,26.3,1068.86
79,2026-01-08,Dominion Aluminum & Fasteners,TX LONG HAUL,12.9,510.87
80,2026-01-07,global cad solutions,TN CORRIDOR FIBER,8.3,326.5
81,2026-03-03,Dominion Aluminum & Fasteners,OH EXPANSION,7.4,306.45
82,2026-02-18,global cad solutions,TX LONG HAUL,15.1,617.56
83,2026-01-04,global cad solutions,VA METRO ROUTE,27.8,1164.52
84,2026-01-23,Dominion Aluminum & Fasteners,TX LONG HAUL,25.1,1008.7
85,2026-01-02,Southfield GIS Inc.,TX LONG HAUL,9.7,377.35
86,2026-01-27,global cad solutions,VA METRO ROUTE,28.2,1095.1
87,2026-01-05,Southfield GIS Inc.,TN CORRIDOR FIBER,24.1,955.42
88,2026-02-14,Dominion Aluminum & Fasteners,OH EXPANSION,10.3,410.0
89,2026-03-23,Global CAD Solutions ,TX LONG HAUL,9.5,380.84
90,2026-03-12,Southfield GIS Inc.,TX LONG HAUL,20.1,780.52
91,2026-01-11,Global CAD Solutions ,OH EXPANSION,19.2,752.03
92,2026-03-11,Dominion Aluminum & Fasteners,VA METRO ROUTE,27.8,1142.73
93,2026-01-27,Southfield GIS Inc.,TX LONG HAUL,27.4,1139.28
94,2026-03-12,Southfield GIS Inc.,TX LONG HAUL,15.1,619.54
95,2026-01-26,Dominion Aluminum & Fasteners,VA METRO ROUTE,16.7,643.57
96,2026-02-21,Global CAD Solutions ,TX LONG HAUL,11.8,494.01
97,2026-02-11,global cad solutions,OH EXPANSION,19.2,775.02
98,2026-02-17,Southfield GIS Inc.,TX LONG HAUL,22.5,926.24
99,2026-03-01,Global CAD Solutions ,TN CORRIDOR FIBER,23.5,925.86
100,2026-02-17,Global CAD Solutions ,TX LONG HAUL,21.2,817.0
101,2026-02-09,Dominion Aluminum & Fasteners,VA METRO ROUTE,18.8,757.21
102,2026-03-19,Global CAD Solutions ,OH EXPANSION,25.2,976.92
103,2026-03-22,Global CAD Solutions ,OH EXPANSION,28.3,1105.39
104,2026-02-06,Southfield GIS Inc.,TN CORRIDOR FIBER,15.7,631.62
105,2026-02-17,Southfield GIS Inc.,VA METRO ROUTE,14.1,556.95
106,2026-03-09,Dominion Aluminum & Fasteners,VA METRO ROUTE,5.7,234.86
107,2026-03-02,global cad solutions,OH EXPANSION,23.9,952.77
108,2026-02-24,Southfield GIS Inc.,TN CORRIDOR FIBER,19.5,800.1
109,2026-02-03,global cad solutions,OH EXPANSION,23.0,905.7
110,2026-01-02,Global CAD Solutions ,OH EXPANSION,8.6,359.99
111,2026-01-20,Global CAD Solutions ,TN CORRIDOR FIBER,20.6,825.96
112,2026-01-28,Global CAD Solutions ,VA METRO ROUTE,18.2,708.62
113,2026-02-05,Southfield GIS Inc.,OH EXPANSION,20.0,814.77
114,2026-03-14,Dominion Aluminum & Fasteners,TX LONG HAUL,28.8,1182.82
115,2026-01-16,Global CAD Solutions ,VA METRO ROUTE,24.6,1000.91
116,2026-02-09,Dominion Aluminum & Fasteners,TX LONG HAUL,20.8,855.64
117,2026-01-08,global cad solutions,TN CORRIDOR FIBER,20.7,797.64
118,2026-02-14,Global CAD Solutions ,TN CORRIDOR FIBER,7.6,307.01
119,2026-01-25,Global CAD Solutions ,TX LONG HAUL,18.8,765.33
120,2026-02-16,Southfield GIS Inc.,VA METRO ROUTE,10.3,408.94
121,2026-03-05,Global CAD Solutions ,TN CORRIDOR FIBER,16.2,670.31
122,2026-01-15,Southfield GIS Inc.,VA METRO ROUTE,14.8,577.61
123,2026-01-21,Dominion Aluminum & Fasteners,VA METRO ROUTE,18.7,768.78
124,2026-01-14,Dominion Aluminum & Fasteners,TN CORRIDOR FIBER,16.6,657.93
125,2026-03-03,Southfield GIS Inc.,OH EXPANSION,25.4,1019.11
126,2026-01-03,Dominion Aluminum & Fasteners,TX LONG HAUL,27.8,1129.04
127,2026-03-10,Southfield GIS Inc.,VA METRO ROUTE,12.1,471.9
128,2026-02-22,Dominion Aluminum & Fasteners,VA METRO ROUTE,27.7,1097.71
129,2026-02-19,Dominion Aluminum & Fasteners,OH EXPANSION,18.3,768.11
130,2026-02-11,global cad solutions,OH EXPANSION,29.2,1198.78
131,2026-03-08,Global CAD Solutions ,VA METRO ROUTE,25.7,991.62
132,2026-03-13,Southfield GIS Inc.,TX LONG HAUL,23.5,935.04
133,2026-02-18,global cad solutions,TX LONG HAUL,9.4,386.87
134,2026-02-26,Global CAD Solutions ,TX LONG HAUL,17.9,723.24
135,2026-03-10,Global CAD Solutions ,OH EXPANSION,6.6,266.73
136,2026-03-03,Dominion Aluminum & Fasteners,TN CORRIDOR FIBER,11.8,458.65
137,2026-02-03,Global CAD Solutions ,TX LONG HAUL,7.4,306.04
138,2026-02-08,global cad solutions,OH EXPANSION,24.1,971.84
139,2026-02-13,Dominion Aluminum & Fasteners,VA METRO ROUTE,25.2,999.57
140,2026-01-16,Southfield GIS Inc.,TN CORRIDOR FIBER,22.7,946.64
141,2026-02-25,Dominion Aluminum & Fasteners,TN CORRIDOR FIBER,25.1,1039.6
142,2026-02-18,Global CAD Solutions ,VA METRO ROUTE,22.8,941.82
143,2026-02-14,global cad solutions,TX LONG HAUL,23.5,986.26
144,2026-02-22,global cad solutions,VA METRO ROUTE,10.1,403.87
145,2026-02-09,Global CAD Solutions ,OH EXPANSION,12.7,494.05
146,2026-03-05,global cad solutions,TN CORRIDOR FIBER,23.8,917.73
147,2026-02-26,Global CAD Solutions ,VA METRO ROUTE,7.7,301.42
148,2026-01-19,global cad solutions,OH EXPANSION,19.9,781.75
149,2026-01-09,Southfield GIS Inc.,TX LONG HAUL,27.8,1161.5
150,2026-03-18,Southfield GIS Inc.,VA METRO ROUTE,17.1,682.45
151,2026-02-22,Global CAD Solutions ,OH EXPANSION,26.6,1061.29
152,2026-01-05,Southfield GIS Inc.,VA METRO ROUTE,24.7,955.96
153,2026-01-01,Southfield GIS Inc.,VA METRO ROUTE,16.3,641.62
154,2026-02-20,global cad solutions,OH EXPANSION,8.9,352.67
155,2026-02-28,global cad solutions,VA METRO ROUTE,17.9,692.47
156,2026-03-25,global cad solutions,TN CORRIDOR FIBER,10.1,421.24
157,2026-01-27,global cad solutions,TN CORRIDOR FIBER,13.8,561.0
158,2026-03-04,Southfield GIS Inc.,OH EXPANSION,7.1,291.95
159,2026-03-28,Dominion Aluminum & Fasteners,TN CORRIDOR FIBER,24.7,987.0
160,2026-03-03,Southfield GIS Inc.,TX LONG HAUL,5.9,235.68
161,2026-02-06,Dominion Aluminum & Fasteners,VA METRO ROUTE,12.8,496.21
162,2026-02-15,Global CAD Solutions ,VA METRO ROUTE,6.9,269.04
163,2026-03-13,Southfield GIS Inc.,TN CORRIDOR FIBER,21.3,820.97
164,2026-02-23,Southfield GIS Inc.,TX LONG HAUL,12.3,478.43
165,2026-01-28,global cad solutions,TX LONG HAUL,12.3,489.74
166,2026-03-24,Dominion Aluminum & Fasteners,VA METRO ROUTE,23.9,966.62
167,2026-01-09,global cad solutions,TX LONG HAUL,14.4,559.92
168,2026-02-09,Southfield GIS Inc.,VA METRO ROUTE,16.2,645.38
169,2026-01-05,Global CAD Solutions ,TX LONG HAUL,21.9,897.44
170,2026-01-07,Southfield GIS Inc.,TN CORRIDOR FIBER,25.9,1050.88
171,2026-01-04,global cad solutions,TN CORRIDOR FIBER,8.9,346.52
172,2026-02-25,Global CAD Solutions ,VA METRO ROUTE,28.0,1119.85
173,2026-03-05,global cad solutions,TX LONG HAUL,25.5,1016.2
174,2026-02-14,Global CAD Solutions ,OH EXPANSION,20.3,804.12
175,2026-01-22,Global CAD Solutions ,VA METRO ROUTE,13.3,527.98
176,2026-03-15,Global CAD Solutions ,OH EXPANSION,10.1,400.61
177,2026-02-27,Global CAD Solutions ,TX LONG HAUL,11.3,456.36
178,2026-02-18,global cad solutions,VA METRO ROUTE,20.3,818.03
179,2026-03-23,global cad solutions,TX LONG HAUL,19.2,740.99
180,2026-03-07,Global CAD Solutions ,TX LONG HAUL,11.1,449.75
181,2026-03-11,Dominion Aluminum & Fasteners,TN CORRIDOR FIBER,28.2,1121.35
182,2026-02-04,Southfield GIS Inc.,TX LONG HAUL,11.0,445.42
183,2026-03-18,Global CAD Solutions ,VA METRO ROUTE,9.2,378.21
184,2026-02-20,global cad solutions,TN CORRIDOR FIBER,28.3,1089.93
185,2026-03-12,global cad solutions,VA METRO ROUTE,25.8,1010.06
186,2026-03-26,Global CAD Solutions ,OH EXPANSION,5.8,226.96
187,2026-03-05,Dominion Aluminum & Fasteners,OH EXPANSION,20.4,831.12
188,2026-01-06,global cad solutions,OH EXPANSION,16.7,651.31
189,2026-02-04,Southfield GIS Inc.,TX LONG HAUL,13.4,522.07
190,2026-01-19,Dominion Aluminum & Fasteners,TN CORRIDOR FIBER,21.0,811.28
191,2026-03-26,global cad solutions,OH EXPANSION,29.0,1177.41
192,2026-02-12,Southfield GIS Inc.,OH EXPANSION,23.8,956.77
193,2026-02-27,Southfield GIS Inc.,OH EXPANSION,7.9,307.32
194,2026-03-11,Southfield GIS Inc.,OH EXPANSION,27.6,1093.58
195,2026-01-10,Southfield GIS Inc.,OH EXPANSION,19.9,818.52
196,2026-02-19,Global CAD Solutions ,TX LONG HAUL,8.1,324.52
197,2026-03-28,Southfield GIS Inc.,TN CORRIDOR FIBER,16.9,656.88
198,2026-01-18,Dominion Aluminum & Fasteners,OH EXPANSION,28.5,1185.01
199,2026-03-28,Dominion Aluminum & Fasteners,OH EXPANSION,19.1,746.32
200,2026-03-24,Southfield GIS Inc.,TN CORRIDOR FIBER,27.6,1072.12
201,2026-01-04,Southfield GIS Inc.,TN CORRIDOR FIBER,12.4,509.0
202,2026-01-11,global cad solutions,TN CORRIDOR FIBER,16.0,641.2
203,2026-03-13,global cad solutions,VA METRO ROUTE,22.3,876.56
204,2026-02-01,Southfield GIS Inc.,VA METRO ROUTE,12.7,511.1
205,2026-02-07,global cad solutions,VA METRO ROUTE,26.5,1084.48
206,2026-01-07,Dominion Aluminum & Fasteners,VA METRO ROUTE,27.5,1060.29
207,2026-03-23,global cad solutions,TX LONG HAUL,9.8,407.49
208,2026-01-21,Global CAD Solutions ,VA METRO ROUTE,23.1,914.66
209,2026-02-28,Southfield GIS Inc.,TX LONG HAUL,13.4,560.78
210,2026-02-14,Global CAD Solutions ,TX LONG HAUL,10.6,419.5
211,2026-03-23,global cad solutions,VA METRO ROUTE,9.5,373.58
212,2026-03-10,Dominion Aluminum & Fasteners,VA METRO ROUTE,25.1,1012.42
213,2026-01-19,global cad solutions,VA METRO ROUTE,27.4,1072.22
214,2026-01-09,global cad solutions,TN CORRIDOR FIBER,16.6,643.53
215,2026-03-03,Global CAD Solutions ,TN CORRIDOR FIBER,20.0,789.92
216,2026-02-14,Global CAD Solutions ,TX LONG HAUL,12.1,497.85
217,2026-01-06,Dominion Aluminum & Fasteners,TN CORRIDOR FIBER,9.7,403.9
218,2026-01-20,Southfield GIS Inc.,OH EXPANSION,5.1,212.26
219,2026-01-06,Global CAD Solutions ,VA METRO ROUTE,13.0,522.5
220,2026-01-17,Dominion Aluminum & Fasteners,TX LONG HAUL,19.8,815.75
221,2026-01-20,Southfield GIS Inc.,TX LONG HAUL,21.7,877.06
222,2026-02-26,global cad solutions,VA METRO ROUTE,17.2,675.52
223,2026-03-20,Southfield GIS Inc.,VA METRO ROUTE,5.9,239.47
224,2026-03-02,Southfield GIS Inc.,TX LONG HAUL,13.1,532.24
225,2026-03-16,Southfield GIS Inc.,OH EXPANSION,23.1,958.61
226,2026-01-03,Global CAD Solutions ,TX LONG HAUL,19.2,775.71
227,2026-03-08,global cad solutions,TN CORRIDOR FIBER,12.8,494.7
228,2026-02-27,Dominion Aluminum & Fasteners,OH EXPANSION,7.2,297.88
229,2026-01-13,Dominion Aluminum & Fasteners,TX LONG HAUL,9.0,368.26
230,2026-03-26,Southfield GIS Inc.,TN CORRIDOR FIBER,12.9,517.73
231,2026-03-07,Global CAD Solutions ,TX LONG HAUL,17.2,708.03
232,2026-01-05,Southfield GIS Inc.,TN CORRIDOR FIBER,5.1,203.67
233,2026-03-05,Global CAD Solutions ,OH EXPANSION,18.9,758.87
234,2026-01-02,global cad solutions,VA METRO ROUTE,11.3,456.88
235,2026-01-14,Southfield GIS Inc.,TN CORRIDOR FIBER,28.3,1125.6
236,2026-02-20,global cad solutions,TN CORRIDOR FIBER,9.0,364.93
237,2026-01-24,Dominion Aluminum & Fasteners,TX LONG HAUL,16.6,661.93
238,2026-01-13,Southfield GIS Inc.,TN CORRIDOR FIBER,10.4,413.05
239,2026-01-26,global cad solutions,OH EXPANSION,10.1,396.43
240,2026-02-25,Dominion Aluminum & Fasteners,OH EXPANSION,16.2,680.02
241,2026-03-06,Southfield GIS Inc.,TX LONG HAUL,18.5,739.39
242,2026-01-23,Dominion Aluminum & Fasteners,VA METRO ROUTE,28.7,1167.33
243,2026-03-06,Dominion Aluminum & Fasteners,OH EXPANSION,19.2,782.84
244,2026-01-09,Global CAD Solutions ,VA METRO ROUTE,6.4,262.71
245,2026-02-05,global cad solutions,TN CORRIDOR FIBER,5.5,217.95
246,2026-02-15,Global CAD Solutions ,OH EXPANSION,13.1,539.69
247,2026-03-22,Global CAD Solutions ,VA METRO ROUTE,14.8,582.14
248,2026-01-07,global cad solutions,TX LONG HAUL,5.8,229.64
249,2026-02-16,global cad solutions,VA METRO ROUTE,12.8,513.04
250,2026-02-05,global cad solutions,VA METRO ROUTE,18.4,737.34
251,2026-01-13,Dominion Aluminum & Fasteners,TX LONG HAUL,7.6,302.45
252,2026-03-07,global cad solutions,TN CORRIDOR FIBER,26.2,1077.21
253,2026-02-19,Global CAD Solutions ,VA METRO ROUTE,21.5,832.78
254,2026-01-18,Dominion Aluminum & Fasteners,TN CORRIDOR FIBER,28.9,1200.49
255,2026-01-26,Dominion Aluminum & Fasteners,TN CORRIDOR FIBER,25.0,972.98
256,2026-02-02,Southfield GIS Inc.,OH EXPANSION,28.3,1117.74
257,2026-03-09,global cad solutions,TX LONG HAUL,28.1,1101.71
258,2026-01-12,global cad solutions,TN CORRIDOR FIBER,23.6,983.56
259,2026-01-16,Dominion Aluminum & Fasteners,VA METRO ROUTE,22.5,868.06
260,2026-02-04,Dominion Aluminum & Fasteners,TN CORRIDOR FIBER,27.8,1096.77
261,2026-02-16,Dominion Aluminum & Fasteners,OH EXPANSION,23.0,956.83
262,2026-01-01,Global CAD Solutions ,VA METRO ROUTE,13.1,521.46
263,2026-02-09,global cad solutions,OH EXPANSION,14.6,579.55
264,2026-02-01,global cad solutions,TN CORRIDOR FIBER,20.7,841.93
265,2026-02-20,Southfield GIS Inc.,TN CORRIDOR FIBER,11.9,492.7
266,2026-02-13,Southfield GIS Inc.,TN CORRIDOR FIBER,25.1,1026.39
267,2026-02-10,Southfield GIS Inc.,VA METRO ROUTE,16.8,648.04
268,2026-03-07,Dominion Aluminum & Fasteners,TX LONG HAUL,11.5,451.61
269,2026-03-01,Southfield GIS Inc.,TN CORRIDOR FIBER,11.0,442.5
270,2026-03-25,Global CAD Solutions ,VA METRO ROUTE,11.6,450.82
271,2026-01-11,global cad solutions,OH EXPANSION,22.2,929.6
272,2026-01-06,Dominion Aluminum & Fasteners,OH EXPANSION,25.1,992.15
273,2026-02-10,Dominion Aluminum & Fasteners,OH EXPANSION,10.9,429.16
274,2026-02-23,global cad solutions,TX LONG HAUL,26.9,1128.78
275,2026-01-23,Dominion Aluminum & Fasteners,TN CORRIDOR FIBER,26.2,1055.68
276,2026-03-16,Global CAD Solutions ,TX LONG HAUL,20.5,818.86
277,2026-02-02,Dominion Aluminum & Fasteners,VA METRO ROUTE,14.9,612.21
278,2026-03-13,Dominion Aluminum & Fasteners,VA METRO ROUTE,14.2,580.64
279,2026-01-11,global cad solutions,TX LONG HAUL,19.2,767.46
280,2026-03-05,Dominion Aluminum & Fasteners,TX LONG HAUL,8.1,322.54
281,2026-03-10,global cad solutions,TX LONG HAUL,29.3,1176.44
282,2026-03-26,global cad solutions,VA METRO ROUTE,22.2,887.28
283,2026-03-22,Southfield GIS Inc.,OH EXPANSION,28.3,1187.49
284,2026-01-06,Global CAD Solutions ,TN CORRIDOR FIBER,9.8,389.53
285,2026-03-26,Global CAD Solutions ,OH EXPANSION,13.3,513.28
286,2026-03-28,Southfield GIS Inc.,TX LONG HAUL,14.3,566.03
287,2026-03-10,global cad solutions,OH EXPANSION,23.0,918.36
288,2026-01-19,Southfield GIS Inc.,TX LONG HAUL,18.6,768.19
289,2026-01-15,global cad solutions,TN CORRIDOR FIBER,18.9,786.97
290,2026-02-14,Global CAD Solutions ,TX LONG HAUL,13.1,505.23
291,2026-03-19,global cad solutions,VA METRO ROUTE,20.6,812.86
292,2026-01-03,Southfield GIS Inc.,TX LONG HAUL,14.1,555.66
293,2026-01-05,Global CAD Solutions ,TN CORRIDOR FIBER,27.3,1080.61
294,2026-01-01,global cad solutions,VA METRO ROUTE,17.1,718.03
295,2026-01-28,Southfield GIS Inc.,OH EXPANSION,5.8,230.43
296,2026-03-13,Global CAD Solutions ,TX LONG HAUL,18.8,767.02
297,2026-03-09,Dominion Aluminum & Fasteners,TX LONG HAUL,28.5,1183.49
298,2026-02-19,Global CAD Solutions ,TX LONG HAUL,26.4,1103.69
299,2026-03-04,Global CAD Solutions ,VA METRO ROUTE,14.0,575.92
300,2026-02-03,Southfield GIS Inc.,TN CORRIDOR FIBER,27.2,1053.26
301,2026-02-01,Dominion Aluminum & Fasteners,TX LONG HAUL,24.8,1018.63
302,2026-02-10,Global CAD Solutions ,OH EXPANSION,15.1,618.62
303,2026-02-20,Global CAD Solutions ,TN CORRIDOR FIBER,19.4,762.33
304,2026-02-24,Dominion Aluminum & Fasteners,VA METRO ROUTE,25.3,1006.34
305,2026-03-15,Dominion Aluminum & Fasteners,VA METRO ROUTE,12.0,500.02
306,2026-02-20,Global CAD Solutions ,VA METRO ROUTE,13.4,550.68
307,2026-01-02,global cad solutions,VA METRO ROUTE,22.0,860.65
308,2026-01-05,global cad solutions,VA METRO ROUTE,13.8,552.11
309,2026-01-13,Global CAD Solutions ,OH EXPANSION,7.4,309.52
310,2026-01-01,global cad solutions,VA METRO ROUTE,6.7,271.76
311,2026-03-11,Southfield GIS Inc.,OH EXPANSION,29.1,1142.72
312,2026-02-25,global cad solutions,VA METRO ROUTE,6.7,267.1
313,2026-02-06,Dominion Aluminum & Fasteners,TN CORRIDOR FIBER,8.7,354.28
314,2026-02-21,Global CAD Solutions ,TX LONG HAUL,20.4,810.0
315,2026-02-28,Southfield GIS Inc.,TN CORRIDOR FIBER,8.0,328.68
316,2026-03-15,Southfield GIS Inc.,OH EXPANSION,15.5,617.62
317,2026-01-13,Global CAD Solutions ,TN CORRIDOR FIBER,18.2,729.47
318,2026-02-19,Global CAD Solutions ,TN CORRIDOR FIBER,28.3,1104.6
319,2026-02-11,Dominion Aluminum & Fasteners,VA METRO ROUTE,9.7,389.37
320,2026-03-13,Global CAD Solutions ,TX LONG HAUL,23.8,991.05
321,2026-01-08,global cad solutions,TX LONG HAUL,25.7,1061.2
322,2026-03-09,Dominion Aluminum & Fasteners,TN CORRIDOR FIBER,9.6,370.89
323,2026-02-09,Dominion Aluminum & Fasteners,OH EXPANSION,10.2,393.21
324,2026-02-07,Southfield GIS Inc.,VA METRO ROUTE,29.0,1140.71
325,2026-01-18,Southfield GIS Inc.,OH EXPANSION,26.9,1042.44
326,2026-02-28,Global CAD Solutions ,TN CORRIDOR FIBER,24.9,971.88
327,2026-02-06,Global CAD Solutions ,VA METRO ROUTE,5.9,234.29
328,2026-01-27,Dominion Aluminum & Fasteners,TN CORRIDOR FIBER,15.4,626.01
329,2026-01-28,Southfield GIS Inc.,OH EXPANSION,6.8,285.31
330,2026-01-18,Dominion Aluminum & Fasteners,TX LONG HAUL,19.0,797.63
331,2026-02-01,Dominion Aluminum & Fasteners,VA METRO ROUTE,26.1,1091.26
332,2026-03-20,global cad solutions,TX LONG HAUL,9.5,370.01
333,2026-03-19,Southfield GIS Inc.,TN CORRIDOR FIBER,8.2,319.03
334,2026-02-20,Dominion Aluminum & Fasteners,VA METRO ROUTE,9.9,415.62
335,2026-03-07,Dominion Aluminum & Fasteners,VA METRO ROUTE,24.2,948.66
336,2026-01-21,Dominion Aluminum & Fasteners,OH EXPANSION,14.4,585.28
337,2026-02-15,global cad solutions,TN CORRIDOR FIBER,28.5,1131.8
338,2026-03-14,global cad solutions,OH EXPANSION,19.5,770.19
339,2026-02-28,Global CAD Solutions ,OH EXPANSION,10.6,425.81
340,2026-01-24,Southfield GIS Inc.,TX LONG HAUL,16.2,627.34
341,2026-02-11,Dominion Aluminum & Fasteners,OH EXPANSION,21.5,847.89
342,2026-03-23,Global CAD Solutions ,TX LONG HAUL,5.4,214.98
343,2026-03-28,Dominion Aluminum & Fasteners,OH EXPANSION,15.5,615.28
344,2026-03-04,Global CAD Solutions ,OH EXPANSION,27.4,1063.38
345,2026-02-01,Dominion Aluminum & Fasteners,TN CORRIDOR FIBER,23.1,943.45
346,2026-02-27,Global CAD Solutions ,TX LONG HAUL,16.7,664.09
347,2026-02-17,Dominion Aluminum & Fasteners,OH EXPANSION,21.8,885.5
348,2026-01-01,Southfield GIS Inc.,OH EXPANSION,25.7,1047.91
349,2026-03-04,Global CAD Solutions ,TN CORRIDOR FIBER,30.0,1223.9
350,2026-03-07,global cad solutions,OH EXPANSION,14.2,553.81
351,2026-02-04,Global CAD Solutions ,TN CORRIDOR FIBER,9.2,375.1
352,2026-03-26,Dominion Aluminum & Fasteners,OH EXPANSION,24.4,949.62
353,2026-02-05,Global CAD Solutions ,VA METRO ROUTE,26.5,1107.86
354,2026-01-04,Dominion Aluminum & Fasteners,OH EXPANSION,18.4,742.77
355,2026-01-25,Global CAD Solutions ,VA METRO ROUTE,30.0,1214.22
356,2026-01-19,global cad solutions,TX LONG HAUL,21.6,870.13
357,2026-02-10,Dominion Aluminum & Fasteners,TX LONG HAUL,11.2,447.43
358,2026-01-07,Southfield GIS Inc.,TX LONG HAUL,19.0,762.05
359,2026-01-26,global cad solutions,TX LONG HAUL,29.3,1181.89
360,2026-02-20,Global CAD Solutions ,OH EXPANSION,25.6,1006.11
361,2026-01-24,Southfield GIS Inc.,TX LONG HAUL,12.4,504.25
362,2026-02-04,Southfield GIS Inc.,VA METRO ROUTE,27.8,1123.15
363,2026-01-13,Southfield GIS Inc.,VA METRO ROUTE,7.0,275.89
364,2026-01-22,Southfield GIS Inc.,VA METRO ROUTE,27.4,1074.43
365,2026-03-05,Global CAD Solutions ,OH EXPANSION,20.6,812.38
366,2026-03-09,global cad solutions,VA METRO ROUTE,7.1,293.02
367,2026-02-12,Southfield GIS Inc.,VA METRO ROUTE,16.3,630.38
368,2026-03-02,global cad solutions,OH EXPANSION,18.7,746.11
369,2026-01-22,Global CAD Solutions ,VA METRO ROUTE,5.8,230.6
370,2026-01-17,Southfield GIS Inc.,TN CORRIDOR FIBER,14.3,580.24
371,2026-01-01,Dominion Aluminum & Fasteners,TX LONG HAUL,14.1,572.36
372,2026-02-27,Dominion Aluminum & Fasteners,TX LONG HAUL,20.2,819.37
373,2026-02-06,Southfield GIS Inc.,TN CORRIDOR FIBER,17.9,736.37
374,2026-01-28,Global CAD Solutions ,TX LONG HAUL,11.3,445.73
375,2026-02-21,Dominion Aluminum & Fasteners,OH EXPANSION,7.2,291.62
376,2026-01-03,Southfield GIS Inc.,TX LONG HAUL,25.8,1022.94
377,2026-02-05,global cad solutions,VA METRO ROUTE,21.1,816.54
378,2026-02-02,Southfield GIS Inc.,TN CORRIDOR FIBER,18.8,784.82
379,2026-03-23,Global CAD Solutions ,TX LONG HAUL,19.5,751.13
380,2026-03-16,Southfield GIS Inc.,VA METRO ROUTE,22.0,922.74
381,2026-01-06,Global CAD Solutions ,OH EXPANSION,22.1,861.68
382,2026-02-22,Southfield GIS Inc.,TN CORRIDOR FIBER,16.1,670.41
383,2026-03-03,Global CAD Solutions ,VA METRO ROUTE,21.7,877.08
384,2026-01-23,Global CAD Solutions ,OH EXPANSION,12.8,535.53
385,2026-03-04,global cad solutions,TN CORRIDOR FIBER,15.4,621.81
386,2026-01-05,Dominion Aluminum & Fasteners,OH EXPANSION,15.2,632.9
387,2026-02-07,Southfield GIS Inc.,OH EXPANSION,15.9,656.6
388,2026-03-25,Southfield GIS Inc.,TN CORRIDOR FIBER,18.7,775.91
389,2026-03-11,global cad solutions,TN CORRIDOR FIBER,13.7,535.31
390,2026-02-13,Southfield GIS Inc.,OH EXPANSION,19.4,804.09
391,2026-02-25,global cad solutions,OH EXPANSION,22.6,901.45
392,2026-01-23,Southfield GIS Inc.,TX LONG HAUL,20.8,826.34
393,2026-02-19,Global CAD Solutions ,VA METRO ROUTE,28.0,1156.66
394,2026-02-13,global cad solutions,TX LONG HAUL,15.8,642.46
395,2026-03-06,Southfield GIS Inc.,OH EXPANSION,14.7,572.0
396,2026-01-25,Global CAD Solutions ,VA METRO ROUTE,17.5,682.95
397,2026-03-12,global cad solutions,OH EXPANSION,13.3,519.1
398,2026-02-26,Dominion Aluminum & Fasteners,TN CORRIDOR FIBER,11.2,437.32
399,2026-01-28,Dominion Aluminum & Fasteners,TN CORRIDOR FIBER,9.1,356.41
400,2026-01-12,Dominion Aluminum & Fasteners,VA METRO ROUTE,7.7,317.68
401,2026-02-20,Dominion Aluminum & Fasteners,TN CORRIDOR FIBER,11.2,432.0
402,2026-03-09,Dominion Aluminum & Fasteners,VA METRO ROUTE,11.3,440.25
403,2026-02-03,Dominion Aluminum & Fasteners,TN CORRIDOR FIBER,12.1,477.61
404,2026-03-05,Southfield GIS Inc.,TX LONG HAUL,25.5,1030.34
405,2026-01-20,Global CAD Solutions ,TX LONG HAUL,18.4,750.9
406,2026-03-25,Dominion Aluminum & Fasteners,VA METRO ROUTE,6.4,267.38
407,2026-02-21,global cad solutions,OH EXPANSION,16.3,648.69
408,2026-03-07,Dominion Aluminum & Fasteners,VA METRO ROUTE,27.1,1050.5
409,2026-03-04,Global CAD Solutions ,VA METRO ROUTE,27.5,1068.57
410,2026-03-04,global cad solutions,VA METRO ROUTE,12.7,527.72
411,2026-01-22,Global CAD Solutions ,TX LONG HAUL,5.7,230.84
412,2026-03-28,Global CAD Solutions ,OH EXPANSION,18.2,712.46
413,2026-03-23,Dominion Aluminum & Fasteners,OH EXPANSION,28.1,1168.36
414,2026-01-14,global cad solutions,OH EXPANSION,9.8,401.09
415,2026-01-18,Global CAD Solutions ,TX LONG HAUL,27.5,1083.4
416,2026-01-23,Dominion Aluminum & Fasteners,TX LONG HAUL,29.4,1229.65
417,2026-01-28,Southfield GIS Inc.,TN CORRIDOR FIBER,20.2,833.94
418,2026-03-19,Dominion Aluminum & Fasteners,TX LONG HAUL,7.2,290.29
419,2026-01-04,Global CAD Solutions ,VA METRO ROUTE,26.7,1117.4
420,2026-01-14,Global CAD Solutions ,TX LONG HAUL,25.7,1051.38
421,2026-03-28,Global CAD Solutions ,TN CORRIDOR FIBER,14.3,598.51
422,2026-01-13,global cad solutions,OH EXPANSION,13.8,541.89
423,2026-02-01,global cad solutions,VA METRO ROUTE,6.2,246.72
424,2026-03-11,Dominion Aluminum & Fasteners,OH EXPANSION,21.3,889.46
425,2026-02-06,global cad solutions,TX LONG HAUL,10.3,412.82
426,2026-01-26,Dominion Aluminum & Fasteners,TX LONG HAUL,11.0,448.69
427,2026-02-20,Dominion Aluminum & Fasteners,TN CORRIDOR FIBER,9.6,377.4
428,2026-02-17,Dominion Aluminum & Fasteners,TX LONG HAUL,21.9,903.73
429,2026-03-03,Global CAD Solutions ,TX LONG HAUL,16.0,618.52
430,2026-03-05,Dominion Aluminum & Fasteners,VA METRO ROUTE,6.7,259.67
431,2026-02-05,Southfield GIS Inc.,TX LONG HAUL,13.5,557.1
432,2026-02-10,Global CAD Solutions ,OH EXPANSION,29.4,1225.73
433,2026-01-16,Global CAD Solutions ,OH EXPANSION,28.9,1155.62
434,2026-01-05,Global CAD Solutions ,TX LONG HAUL,9.0,362.02
435,2026-01-11,Dominion Aluminum & Fasteners,TX LONG HAUL,28.3,1103.59
436,2026-03-11,Global CAD Solutions ,TX LONG HAUL,10.9,446.42
437,2026-01-28,Southfield GIS Inc.,VA METRO ROUTE,14.3,556.56
438,2026-02-05,Global CAD Solutions ,TX LONG HAUL,23.1,944.03
439,2026-01-10,Dominion Aluminum & Fasteners,TX LONG HAUL,19.6,773.39
440,2026-03-18,Southfield GIS Inc.,VA METRO ROUTE,28.7,1113.14
441,2026-01-01,Global CAD Solutions ,VA METRO ROUTE,29.4,1228.02
442,2026-03-17,global cad solutions,TX LONG HAUL,29.1,1185.35
443,2026-01-10,Southfield GIS Inc.,OH EXPANSION,13.8,579.47
444,2026-02-15,Global CAD Solutions ,TX LONG HAUL,8.7,349.23
445,2026-03-01,Southfield GIS Inc.,OH EXPANSION,18.6,734.44
446,2026-01-06,Southfield GIS Inc.,TX LONG HAUL,29.0,1118.96
447,2026-02-26,Southfield GIS Inc.,TN CORRIDOR FIBER,16.6,649.71
448,2026-01-06,Dominion Aluminum & Fasteners,TN CORRIDOR FIBER,13.4,555.67
449,2026-03-12,Southfield GIS Inc.,VA METRO ROUTE,20.6,815.96
450,2026-02-05,Southfield GIS Inc.,OH EXPANSION,18.5,742.06
451,2026-02-16,global cad solutions,TX LONG HAUL,16.7,675.76
452,2026-02-25,global cad solutions,VA METRO ROUTE,10.9,441.92
453,2026-01-23,Dominion Aluminum & Fasteners,VA METRO ROUTE,21.0,855.09
454,2026-01-12,Southfield GIS Inc.,TN CORRIDOR FIBER,17.4,726.08
455,2026-03-21,Southfield GIS Inc.,TN CORRIDOR FIBER,21.6,861.91
456,2026-02-19,Southfield GIS Inc.,TN CORRIDOR FIBER,7.2,289.74
457,2026-02-02,global cad solutions,TN CORRIDOR FIBER,12.0,480.59
458,2026-01-09,Global CAD Solutions ,TX LONG HAUL,19.6,781.94
459,2026-01-09,global cad solutions,TN CORRIDOR FIBER,15.7,634.96
460,2026-01-16,Southfield GIS Inc.,TX LONG HAUL,12.3,509.76
461,2026-03-17,Dominion Aluminum & Fasteners,TX LONG HAUL,21.2,867.37
462,2026-02-26,Dominion Aluminum & Fasteners,TX LONG HAUL,22.1,912.53
463,2026-03-09,Dominion Aluminum & Fasteners,TX LONG HAUL,7.9,317.3
464,2026-03-08,Global CAD Solutions ,TN CORRIDOR FIBER,28.9,1179.2
465,2026-02-26,Southfield GIS Inc.,TN CORRIDOR FIBER,29.4,1148.34
466,2026-02-10,Southfield GIS Inc.,VA METRO ROUTE,11.4,463.25
467,2026-02-23,global cad solutions,TN CORRIDOR FIBER,15.9,634.83
468,2026-02-26,Global CAD Solutions ,VA METRO ROUTE,28.6,1165.08
469,2026-02-08,Southfield GIS Inc.,VA METRO ROUTE,6.0,249.56
470,2026-02-26,global cad solutions,TX LONG HAUL,21.3,877.85
471,2026-03-05,Southfield GIS Inc.,VA METRO ROUTE,16.7,683.33
472,2026-01-21,Dominion Aluminum & Fasteners,TN CORRIDOR FIBER,13.3,555.21
473,2026-01-10,Dominion Aluminum & Fasteners,OH EXPANSION,24.4,967.86
474,2026-02-07,Southfield GIS Inc.,TN CORRIDOR FIBER,5.9,244.96
475,2026-03-02,Southfield GIS Inc.,TX LONG HAUL,12.2,509.53
476,2026-02-08,Southfield GIS Inc.,VA METRO ROUTE,15.0,595.34
477,2026-02-10,Southfield GIS Inc.,TX LONG HAUL,15.2,597.72
478,2026-02-03,Global CAD Solutions ,OH EXPANSION,15.8,646.22
479,2026-03-18,Dominion Aluminum & Fasteners,OH EXPANSION,29.9,1206.38
480,2026-01-06,Global CAD Solutions ,TX LONG HAUL,9.6,402.16
481,2026-03-19,Dominion Aluminum & Fasteners,VA METRO ROUTE,24.2,986.56
482,2026-03-02,Southfield GIS Inc.,TN CORRIDOR FIBER,15.8,614.19
483,2026-02-07,Dominion Aluminum & Fasteners,TN CORRIDOR FIBER,18.8,723.94
484,2026-02-23,Southfield GIS Inc.,TX LONG HAUL,29.9,1203.29
485,2026-03-08,Southfield GIS Inc.,TX LONG HAUL,22.0,894.41
486,2026-01-03,global cad solutions,TX LONG HAUL,6.4,257.01
487,2026-01-13,Global CAD Solutions ,OH EXPANSION,23.3,947.53
488,2026-01-08,Southfield GIS Inc.,VA METRO ROUTE,28.2,1148.68
489,2026-02-10,Global CAD Solutions ,TX LONG HAUL,25.9,1062.51
490,2026-03-14,Southfield GIS Inc.,TX LONG HAUL,11.4,470.47
491,2026-03-09,Southfield GIS Inc.,TX LONG HAUL,14.1,564.41
492,2026-02-14,Dominion Aluminum & Fasteners,TX LONG HAUL,20.6,822.74
493,2026-02-20,Global CAD Solutions ,OH EXPANSION,23.4,952.13
494,2026-03-15,Southfield GIS Inc.,OH EXPANSION,27.2,1054.34
495,2026-01-10,global cad solutions,OH EXPANSION,15.9,648.51
496,2026-01-20,Global CAD Solutions ,VA METRO ROUTE,19.1,761.51
497,2026-02-12,Southfield GIS Inc.,VA METRO ROUTE,7.3,290.75
498,2026-02-10,global cad solutions,OH EXPANSION,6.5,263.51
499,2026-01-27,Southfield GIS Inc.,TN CORRIDOR FIBER,19.8,811.65
500,2026-02-24,Dominion Aluminum & Fasteners,OH EXPANSION,11.3,462.94
501,2026-03-14,global cad solutions,TN CORRIDOR FIBER,8.4,346.35
502,2026-02-26,Global CAD Solutions ,VA METRO ROUTE,23.9,948.86
503,2026-02-11,global cad solutions,OH EXPANSION,21.6,853.46
504,2026-02-22,global cad solutions,TN CORRIDOR FIBER,20.1,806.24
505,2026-03-18,Southfield GIS Inc.,TN CORRIDOR FIBER,28.8,1144.35
506,2026-01-03,Global CAD Solutions ,VA METRO ROUTE,18.6,727.05
507,2026-02-27,global cad solutions,OH EXPANSION,22.6,881.69
508,2026-03-18,Global CAD Solutions ,VA METRO ROUTE,14.9,594.75
509,2026-02-21,global cad solutions,TX LONG HAUL,9.4,365.77
510,2026-01-21,Global CAD Solutions ,TX LONG HAUL,11.6,466.46
511,2026-03-19,Global CAD Solutions ,VA METRO ROUTE,26.5,1039.85
512,2026-03-12,Dominion Aluminum & Fasteners,VA METRO ROUTE,25.3,1054.13
513,2026-02-23,Dominion Aluminum & Fasteners,TN CORRIDOR FIBER,16.0,661.49
514,2026-03-10,Dominion Aluminum & Fasteners,TX LONG HAUL,18.7,759.35
515,2026-02-05,Dominion Aluminum & Fasteners,OH EXPANSION,27.2,1063.92
516,2026-01-19,global cad solutions,OH EXPANSION,13.9,569.52
517,2026-01-25,Dominion Aluminum & Fasteners,TX LONG HAUL,17.0,658.02
518,2026-02-23,Global CAD Solutions ,TN CORRIDOR FIBER,24.2,989.32
519,2026-03-01,Global CAD Solutions ,VA METRO ROUTE,6.1,242.39
520,2026-02-20,Southfield GIS Inc.,TN CORRIDOR FIBER,24.8,991.05
521,2026-03-20,global cad solutions,VA METRO ROUTE,6.1,238.11
522,2026-03-11,Global CAD Solutions ,OH EXPANSION,24.5,962.2
523,2026-01-12,global cad solutions,VA METRO ROUTE,5.1,212.84
524,2026-02-09,Global CAD Solutions ,TN CORRIDOR FIBER,14.1,563.4
525,2026-01-09,global cad solutions,TN CORRIDOR FIBER,9.1,353.42
526,2026-03-17,global cad solutions,VA METRO ROUTE,18.6,773.41
527,2026-03-26,Southfield GIS Inc.,TX LONG HAUL,15.3,609.93
528,2026-03-09,Southfield GIS Inc.,OH EXPANSION,18.2,734.66
529,2026-01-10,Global CAD Solutions ,VA METRO ROUTE,12.5,482.64
530,2026-01-20,Southfield GIS Inc.,VA METRO ROUTE,18.0,716.15
531,2026-03-22,Southfield GIS Inc.,VA METRO ROUTE,23.6,946.15
532,2026-02-17,global cad solutions,TX LONG HAUL,6.9,271.61
533,2026-02-18,Southfield GIS Inc.,VA METRO ROUTE,6.0,237.08
534,2026-02-03,Global CAD Solutions ,TN CORRIDOR FIBER,26.7,1102.58
535,2026-03-21,Global CAD Solutions ,OH EXPANSION,19.1,798.15
536,2026-02-19,Global CAD Solutions ,TX LONG HAUL,6.7,275.41
537,2026-01-22,Southfield GIS Inc.,TX LONG HAUL,28.4,1158.24
538,2026-02-19,Global CAD Solutions ,TN CORRIDOR FIBER,10.5,428.38
539,2026-01-20,Global CAD Solutions ,TX LONG HAUL,24.0,952.05
540,2026-03-17,Global CAD Solutions ,TX LONG HAUL,11.6,479.67
541,2026-03-08,global cad solutions,TN CORRIDOR FIBER,13.6,558.17
542,2026-03-05,global cad solutions,TN CORRIDOR FIBER,23.5,977.66
543,2026-03-11,Dominion Aluminum & Fasteners,TX LONG HAUL,13.0,505.74
544,2026-01-22,Global CAD Solutions ,VA METRO ROUTE,14.6,604.19
545,2026-02-13,global cad solutions,OH EXPANSION,17.4,728.87
546,2026-01-19,Dominion Aluminum & Fasteners,VA METRO ROUTE,27.9,1140.01
547,2026-01-09,global cad solutions,TX LONG HAUL,14.5,605.74
548,2026-03-23,Global CAD Solutions ,OH EXPANSION,28.4,1125.2
549,2026-01-02,Southfield GIS Inc.,OH EXPANSION,19.7,766.86
550,2026-02-02,Global CAD Solutions ,TN CORRIDOR FIBER,14.0,568.85
551,2026-03-11,Southfield GIS Inc.,TX LONG HAUL,28.6,1165.5
552,2026-03-06,global cad solutions,TN CORRIDOR FIBER,17.5,720.66
553,2026-03-21,global cad solutions,OH EXPANSION,9.7,398.05
554,2026-01-18,Global CAD Solutions ,TX LONG HAUL,9.7,389.33
555,2026-02-20,Southfield GIS Inc.,TX LONG HAUL,24.0,984.68
556,2026-01-12,Global CAD Solutions ,TX LONG HAUL,11.9,483.77
557,2026-01-08,Southfield GIS Inc.,TX LONG HAUL,7.2,278.38
558,2026-02-20,Global CAD Solutions ,TN CORRIDOR FIBER,10.7,418.69
559,2026-02-04,Southfield GIS Inc.,TX LONG HAUL,6.8,274.23
560,2026-01-06,Southfield GIS Inc.,OH EXPANSION,8.7,352.25
561,2026-03-04,Southfield GIS Inc.,TN CORRIDOR FIBER,16.9,653.0
562,2026-03-01,global cad solutions,VA METRO ROUTE,28.4,1135.43
563,2026-03-28,Southfield GIS Inc.,VA METRO ROUTE,18.5,773.11
564,2026-01-06,Southfield GIS Inc.,VA METRO ROUTE,28.1,1092.44
565,2026-03-02,Dominion Aluminum & Fasteners,VA METRO ROUTE,12.4,488.01
566,2026-01-23,global cad solutions,OH EXPANSION,26.6,1055.92
567,2026-02-04,Global CAD Solutions ,OH EXPANSION,26.6,1057.81
568,2026-03-22,Dominion Aluminum & Fasteners,TX LONG HAUL,26.0,1060.68
569,2026-03-05,Dominion Aluminum & Fasteners,OH EXPANSION,17.4,675.37
570,2026-03-02,Southfield GIS Inc.,VA METRO ROUTE,10.2,426.8
571,2026-02-07,Dominion Aluminum & Fasteners,OH EXPANSION,21.7,900.95
572,2026-01-09,global cad solutions,VA METRO ROUTE,17.7,718.97
573,2026-03-28,Dominion Aluminum & Fasteners,TX LONG HAUL,14.5,589.09
574,2026-03-01,Global CAD Solutions ,TN CORRIDOR FIBER,22.2,903.44
575,2026-03-09,Southfield GIS Inc.,TN CORRIDOR FIBER,6.6,270.64
576,2026-01-26,Southfield GIS Inc.,TX LONG HAUL,23.1,958.61
577,2026-03-14,Dominion Aluminum & Fasteners,VA METRO ROUTE,19.0,747.55
578,2026-03-24,Southfield GIS Inc.,TX LONG HAUL,27.9,1138.15
579,2026-01-05,global cad solutions,TN CORRIDOR FIBER,15.5,642.57
580,2026-03-24,global cad solutions,VA METRO ROUTE,29.2,1130.15
581,2026-01-02,global cad solutions,OH EXPANSION,21.9,862.78
582,2026-02-18,Southfield GIS Inc.,VA METRO ROUTE,28.5,1102.97
583,2026-03-01,Southfield GIS Inc.,TX LONG HAUL,7.5,304.14
584,2026-01-06,Dominion Aluminum & Fasteners,TX LONG HAUL,7.3,298.95
585,2026-02-04,Dominion Aluminum & Fasteners,VA METRO ROUTE,27.1,1095.91
586,2026-03-08,Global CAD Solutions ,VA METRO ROUTE,12.2,502.77
587,2026-03-14,Southfield GIS Inc.,TX LONG HAUL,5.3,212.89
588,2026-02-16,global cad solutions,VA METRO ROUTE,6.5,253.24
589,2026-03-12,Global CAD Solutions ,VA METRO ROUTE,6.8,276.28
590,2026-02-26,Dominion Aluminum & Fasteners,OH EXPANSION,29.0,1186.08
591,2026-02-22,Southfield GIS Inc.,VA METRO ROUTE,7.0,272.38
592,2026-03-13,Global CAD Solutions ,TX LONG HAUL,16.1,651.9
593,2026-01-20,global cad solutions,TX LONG HAUL,16.1,636.48
594,2026-02-13,global cad solutions,TN CORRIDOR FIBER,5.1,199.36
595,2026-01-05,global cad solutions,TX LONG HAUL,7.8,324.24
596,2026-03-03,global cad solutions,TX LONG HAUL,13.3,520.58
597,2026-01-10,Global CAD Solutions ,VA METRO ROUTE,22.6,903.7
598,2026-01-04,Global CAD Solutions ,VA METRO ROUTE,16.8,699.75
599,2026-01-27,Global CAD Solutions ,TX LONG HAUL,16.8,664.51
600,2026-02-07,Global CAD Solutions ,OH EXPANSION,28.1,1175.16
601,2026-03-06,Dominion Aluminum & Fasteners,TN CORRIDOR FIBER,23.1,962.4
602,2026-01-27,global cad solutions,TX LONG HAUL,26.1,1051.89
603,2026-03-28,Dominion Aluminum & Fasteners,TX LONG HAUL,9.3,374.88
604,2026-01-20,Dominion Aluminum & Fasteners,TX LONG HAUL,13.4,535.61
605,2026-03-24,global cad solutions,OH EXPANSION,6.6,265.87
606,2026-01-06,global cad solutions,OH EXPANSION,17.4,709.15
607,2026-02-07,Dominion Aluminum & Fasteners,TN CORRIDOR FIBER,9.4,393.96
608,2026-03-08,global cad solutions,TN CORRIDOR FIBER,22.6,917.4
609,2026-03-25,Southfield GIS Inc.,OH EXPANSION,10.9,457.02
610,2026-02-26,Dominion Aluminum & Fasteners,TN CORRIDOR FIBER,21.2,842.36
611,2026-02-18,Dominion Aluminum & Fasteners,TX LONG HAUL,26.1,1040.12
612,2026-03-02,Dominion Aluminum & Fasteners,OH EXPANSION,12.9,501.19
613,2026-01-10,Southfield GIS Inc.,TN CORRIDOR FIBER,22.5,943.45
614,2026-03-21,Global CAD Solutions ,VA METRO ROUTE,24.4,981.21
615,2026-01-03,Dominion Aluminum & Fasteners,OH EXPANSION,28.6,1181.23
616,2026-02-26,Dominion Aluminum & Fasteners,VA METRO ROUTE,23.2,895.65
617,2026-03-19,Dominion Aluminum & Fasteners,OH EXPANSION,9.8,381.41
618,2026-01-03,Global CAD Solutions ,TX LONG HAUL,16.3,661.71
619,2026-02-11,Global CAD Solutions ,OH EXPANSION,16.0,630.44
620,2026-01-12,Global CAD Solutions ,TX LONG HAUL,13.5,549.49
621,2026-01-18,Global CAD Solutions ,TN CORRIDOR FIBER,9.5,386.26
622,2026-02-11,Dominion Aluminum & Fasteners,VA METRO ROUTE,28.9,1189.31
623,2026-03-02,Southfield GIS Inc.,TX LONG HAUL,24.4,996.56
624,2026-01-17,Southfield GIS Inc.,OH EXPANSION,7.3,284.76
625,2026-01-28,global cad solutions,VA METRO ROUTE,7.8,304.13
626,2026-01-19,Dominion Aluminum & Fasteners,VA METRO ROUTE,7.6,301.49
627,2026-02-01,Southfield GIS Inc.,OH EXPANSION,7.3,303.64
628,2026-01-12,Dominion Aluminum & Fasteners,TX LONG HAUL,15.3,616.93
629,2026-01-14,Southfield GIS Inc.,TN CORRIDOR FIBER,11.4,465.85
630,2026-01-18,global cad solutions,TX LONG HAUL,19.2,775.44
631,2026-02-01,global cad solutions,OH EXPANSION,20.7,831.44
632,2026-03-15,global cad solutions,OH EXPANSION,28.4,1114.14
633,2026-01-12,global cad solutions,OH EXPANSION,10.8,449.82
634,2026-01-16,global cad solutions,VA METRO ROUTE,7.3,288.32
635,2026-03-18,Dominion Aluminum & Fasteners,OH EXPANSION,29.0,1119.27
636,2026-02-26,Southfield GIS Inc.,VA METRO ROUTE,29.3,1199.6
637,2026-01-02,Southfield GIS Inc.,VA METRO ROUTE,28.2,1139.99
638,2026-02-22,global cad solutions,VA METRO ROUTE,5.8,229.73
639,2026-02-04,Dominion Aluminum & Fasteners,TX LONG HAUL,6.5,265.87
640,2026-03-13,Dominion Aluminum & Fasteners,TX LONG HAUL,9.6,381.06
641,2026-02-25,global cad solutions,TX LONG HAUL,23.1,953.28
642,2026-01-07,global cad solutions,OH EXPANSION,12.9,531.37
643,2026-03-27,Dominion Aluminum & Fasteners,TN CORRIDOR FIBER,16.3,647.81
644,2026-02-04,Dominion Aluminum & Fasteners,TN CORRIDOR FIBER,28.0,1136.9
645,2026-03-04,global cad solutions,VA METRO ROUTE,10.0,413.16
646,2026-01-15,Dominion Aluminum & Fasteners,OH EXPANSION,6.9,279.83
647,2026-02-07,Global CAD Solutions ,OH EXPANSION,26.6,1071.57
648,2026-01-10,Dominion Aluminum & Fasteners,VA METRO ROUTE,25.2,1005.36
649,2026-01-20,Southfield GIS Inc.,TN CORRIDOR FIBER,15.3,610.67
650,2026-03-11,Southfield GIS Inc.,TX LONG HAUL,17.5,721.21
651,2026-02-14,Dominion Aluminum & Fasteners,VA METRO ROUTE,15.0,607.16
652,2026-02-12,Global CAD Solutions ,OH EXPANSION,21.9,868.88
653,2026-02-26,Southfield GIS Inc.,TN CORRIDOR FIBER,11.7,452.57
654,2026-02-25,Dominion Aluminum & Fasteners,TX LONG HAUL,7.9,304.97
655,2026-02-20,Global CAD Solutions ,TN CORRIDOR FIBER,14.0,560.74
656,2026-03-06,Global CAD Solutions ,OH EXPANSION,7.5,309.37
657,2026-03-21,Southfield GIS Inc.,TN CORRIDOR FIBER,13.6,559.36
658,2026-03-13,global cad solutions,VA METRO ROUTE,16.5,666.05
659,2026-03-27,Global CAD Solutions ,TN CORRIDOR FIBER,20.0,779.29
660,2026-01-19,global cad solutions,VA METRO ROUTE,8.6,353.79
661,2026-02-04,Dominion Aluminum & Fasteners,OH EXPANSION,5.2,204.29
662,2026-03-13,Dominion Aluminum & Fasteners,TN CORRIDOR FIBER,15.2,609.76
663,2026-01-19,Global CAD Solutions ,TN CORRIDOR FIBER,16.1,633.86
664,2026-01-04,Southfield GIS Inc.,OH EXPANSION,8.1,324.48
665,2026-02-18,Global CAD Solutions ,TX LONG HAUL,13.3,531.15
666,2026-02-17,Southfield GIS Inc.,TX LONG HAUL,19.9,831.64
667,2026-03-28,global cad solutions,TX LONG HAUL,10.0,416.96
668,2026-02-20,Dominion Aluminum & Fasteners,VA METRO ROUTE,12.8,493.67
669,2026-01-07,Global CAD Solutions ,TX LONG HAUL,7.5,291.86
670,2026-01-28,Dominion Aluminum & Fasteners,TN CORRIDOR FIBER,16.1,635.52
671,2026-03-19,Southfield GIS Inc.,TX LONG HAUL,23.7,976.1
672,2026-03-25,Dominion Aluminum & Fasteners,VA METRO ROUTE,23.5,915.96
673,2026-02-07,global cad solutions,TX LONG HAUL,23.6,918.16
674,2026-01-23,Southfield GIS Inc.,VA METRO ROUTE,19.2,744.19
675,2026-03-27,Global CAD Solutions ,TN CORRIDOR FIBER,14.8,596.32
676,2026-02-02,Southfield GIS Inc.,TX LONG HAUL,21.6,884.04
677,2026-02-02,Global CAD Solutions ,OH EXPANSION,23.1,954.24
678,2026-02-07,global cad solutions,OH EXPANSION,16.1,666.17
679,2026-03-04,global cad solutions,TN CORRIDOR FIBER,29.7,1238.99
680,2026-01-05,global cad solutions,OH EXPANSION,25.5,1034.49
681,2026-01-22,Global CAD Solutions ,TX LONG HAUL,23.3,947.09
682,2026-02-03,Dominion Aluminum & Fasteners,TN CORRIDOR FIBER,13.7,574.88
683,2026-03-18,Global CAD Solutions ,OH EXPANSION,20.2,834.83
684,2026-02-15,Global CAD Solutions ,TX LONG HAUL,26.6,1081.09
685,2026-02-02,Global CAD Solutions ,VA METRO ROUTE,20.6,864.14
686,2026-03-07,Global CAD Solutions ,TX LONG HAUL,16.6,691.23
687,2026-02-23,Global CAD Solutions ,VA METRO ROUTE,27.9,1080.07
688,2026-03-13,Dominion Aluminum & Fasteners,VA METRO ROUTE,6.6,274.33
689,2026-03-10,Southfield GIS Inc.,TN CORRIDOR FIBER,7.3,294.08
690,2026-02-26,Global CAD Solutions ,VA METRO ROUTE,20.5,838.31
691,2026-03-17,Dominion Aluminum & Fasteners,TX LONG HAUL,13.1,528.35
692,2026-02-23,Dominion Aluminum & Fasteners,VA METRO ROUTE,17.2,693.74
693,2026-02-23,Dominion Aluminum & Fasteners,TN CORRIDOR FIBER,15.2,632.75
694,2026-03-20,global cad solutions,VA METRO ROUTE,23.5,909.29
695,2026-01-08,Global CAD Solutions ,TX LONG HAUL,25.6,995.32
696,2026-02-20,Southfield GIS Inc.,TX LONG HAUL,14.6,578.07
697,2026-02-02,Southfield GIS Inc.,OH EXPANSION,25.6,1051.44
698,2026-01-09,Global CAD Solutions ,TX LONG HAUL,9.3,372.83
699,2026-02-11,global cad solutions,VA METRO ROUTE,27.6,1097.15
700,2026-03-19,Global CAD Solutions ,OH EXPANSION,7.5,313.65
701,2026-01-08,Global CAD Solutions ,TX LONG HAUL,6.5,270.42
702,2026-03-16,Southfield GIS Inc.,OH EXPANSION,5.7,233.41
703,2026-01-21,Global CAD Solutions ,OH EXPANSION,22.0,855.97
704,2026-03-06,Southfield GIS Inc.,VA METRO ROUTE,23.0,953.2
705,2026-01-14,Dominion Aluminum & Fasteners,VA METRO ROUTE,22.2,877.49
706,2026-01-25,Southfield GIS Inc.,VA METRO ROUTE,10.1,421.33
707,2026-01-03,Southfield GIS Inc.,TN CORRIDOR FIBER,16.8,700.09
708,2026-03-20,Dominion Aluminum & Fasteners,OH EXPANSION,28.9,1142.59
709,2026-01-03,global cad solutions,TN CORRIDOR FIBER,8.7,335.82
710,2026-02-19,Southfield GIS Inc.,OH EXPANSION,14.2,593.97
711,2026-02-10,global cad solutions,OH EXPANSION,7.6,293.39
712,2026-03-20,Global CAD Solutions ,TX LONG HAUL,22.6,888.49
713,2026-03-28,global cad solutions,TX LONG HAUL,12.4,499.24
714,2026-02-04,global cad solutions,OH EXPANSION,6.3,250.68
715,2026-01-03,global cad solutions,VA METRO ROUTE,22.1,851.04
716,2026-02-28,Global CAD Solutions ,VA METRO ROUTE,6.2,259.27
717,2026-01-20,global cad solutions,TN CORRIDOR FIBER,14.0,553.62
718,2026-01-15,Global CAD Solutions ,VA METRO ROUTE,16.0,622.99
719,2026-03-13,Dominion Aluminum & Fasteners,TN CORRIDOR FIBER,18.6,740.56
720,2026-01-23,Southfield GIS Inc.,TX LONG HAUL,22.4,879.93
721,2026-01-04,Southfield GIS Inc.,VA METRO ROUTE,10.6,444.77
722,2026-03-23,Dominion Aluminum & Fasteners,OH EXPANSION,26.5,1069.3
723,2026-01-21,Southfield GIS Inc.,OH EXPANSION,29.5,1160.14
724,2026-01-24,Southfield GIS Inc.,TX LONG HAUL,29.9,1176.5
725,2026-02-03,Dominion Aluminum & Fasteners,OH EXPANSION,15.4,644.48
726,2026-01-05,Dominion Aluminum & Fasteners,TX LONG HAUL,5.6,220.61
727,2026-03-05,Dominion Aluminum & Fasteners,OH EXPANSION,8.6,345.88
728,2026-01-21,global cad solutions,OH EXPANSION,27.2,1065.01
729,2026-02-27,global cad solutions,VA METRO ROUTE,13.6,526.28
730,2026-02-16,Southfield GIS Inc.,TX LONG HAUL,12.2,488.11
731,2026-02-25,global cad solutions,VA METRO ROUTE,12.6,509.43
732,2026-03-19,global cad solutions,TN CORRIDOR FIBER,14.2,596.03
733,2026-02-16,global cad solutions,TN CORRIDOR FIBER,26.3,1054.65
734,2026-02-26,Global CAD Solutions ,TN CORRIDOR FIBER,19.2,766.61
735,2026-01-22,Southfield GIS Inc.,TN CORRIDOR FIBER,8.4,338.36
736,2026-03-14,Global CAD Solutions ,TX LONG HAUL,7.6,294.65
737,2026-01-28,Southfield GIS Inc.,TX LONG HAUL,25.5,1063.54
738,2026-03-19,Global CAD Solutions ,TN CORRIDOR FIBER,10.0,400.1
739,2026-03-05,Global CAD Solutions ,VA METRO ROUTE,9.0,353.35
740,2026-02-14,global cad solutions,OH EXPANSION,10.1,389.41
741,2026-01-03,Southfield GIS Inc.,TX LONG HAUL,21.2,842.24
742,2026-02-08,global cad solutions,TX LONG HAUL,27.8,1142.99
743,2026-02-24,Dominion Aluminum & Fasteners,VA METRO ROUTE,24.0,945.68
744,2026-03-07,Dominion Aluminum & Fasteners,TX LONG HAUL,28.9,1171.54
745,2026-02-26,Global CAD Solutions ,VA METRO ROUTE,23.3,959.94
746,2026-03-20,global cad solutions,TX LONG HAUL,6.7,262.43
747,2026-03-05,Southfield GIS Inc.,VA METRO ROUTE,9.7,403.5
748,2026-01-27,global cad solutions,TX LONG HAUL,20.6,835.07
749,2026-02-04,Southfield GIS Inc.,VA METRO ROUTE,11.2,456.37
750,2026-01-24,global cad solutions,TN CORRIDOR FIBER,11.1,431.91
751,2026-01-28,Dominion Aluminum & Fasteners,TN CORRIDOR FIBER,22.0,889.94
752,2026-03-20,global cad solutions,VA METRO ROUTE,8.1,324.31
753,2026-01-10,Global CAD Solutions ,OH EXPANSION,18.0,721.6
754,2026-01-26,Global CAD Solutions ,TX LONG HAUL,22.1,914.75
755,2026-01-07,Global CAD Solutions ,TX LONG HAUL,18.1,707.74
756,2026-03-22,Southfield GIS Inc.,OH EXPANSION,20.3,802.55
757,2026-02-17,global cad solutions,VA METRO ROUTE,23.3,944.79
758,2026-02-20,Dominion Aluminum & Fasteners,TX LONG HAUL,12.2,485.61
759,2026-02-16,global cad solutions,VA METRO ROUTE,28.9,1211.99
760,2026-02-17,Dominion Aluminum & Fasteners,TX LONG HAUL,14.6,566.54
761,2026-01-11,global cad solutions,OH EXPANSION,29.8,1198.02
762,2026-03-22,Dominion Aluminum & Fasteners,VA METRO ROUTE,7.3,298.3
763,2026-03-02,Southfield GIS Inc.,OH EXPANSION,29.2,1173.36
764,2026-01-13,Dominion Aluminum & Fasteners,VA METRO ROUTE,9.1,378.65
765,2026-01-26,global cad solutions,TX LONG HAUL,19.2,754.11
766,2026-02-03,Southfield GIS Inc.,TN CORRIDOR FIBER,18.7,733.03
767,2026-02-03,Southfield GIS Inc.,TX LONG HAUL,26.4,1050.53
768,2026-02-28,Global CAD Solutions ,OH EXPANSION,25.4,978.22
769,2026-03-20,Southfield GIS Inc.,VA METRO ROUTE,9.7,406.98
770,2026-03-09,Dominion Aluminum & Fasteners,TN CORRIDOR FIBER,28.0,1101.31
771,2026-02-10,Southfield GIS Inc.,TX LONG HAUL,16.1,631.61
772,2026-01-14,Dominion Aluminum & Fasteners,VA METRO ROUTE,16.7,680.24
773,2026-03-26,global cad solutions,TX LONG HAUL,20.5,838.15
774,2026-03-11,Dominion Aluminum & Fasteners,VA METRO ROUTE,15.9,667.08
775,2026-02-22,Dominion Aluminum & Fasteners,VA METRO ROUTE,14.6,613.12
776,2026-02-13,Southfield GIS Inc.,TX LONG HAUL,18.1,731.56
777,2026-03-08,global cad solutions,TX LONG HAUL,7.3,306.29
778,2026-01-17,Global CAD Solutions ,VA METRO ROUTE,29.2,1204.83
779,2026-02-04,Southfield GIS Inc.,TN CORRIDOR FIBER,29.1,1153.64
780,2026-03-02,Southfield GIS Inc.,VA METRO ROUTE,16.8,695.09
781,2026-03-21,global cad solutions,TN CORRIDOR FIBER,27.8,1135.81
782,2026-01-16,Dominion Aluminum & Fasteners,VA METRO ROUTE,17.0,661.04
783,2026-02-16,global cad solutions,TX LONG HAUL,9.0,370.21
784,2026-02-09,global cad solutions,TN CORRIDOR FIBER,7.3,287.22
785,2026-01-11,Southfield GIS Inc.,TN CORRIDOR FIBER,10.7,437.74
786,2026-03-09,Global CAD Solutions ,VA METRO ROUTE,11.0,442.07
787,2026-01-17,global cad solutions,VA METRO ROUTE,7.1,289.39
788,2026-01-28,Global CAD Solutions ,TN CORRIDOR FIBER,7.1,286.83
789,2026-01-09,Southfield GIS Inc.,VA METRO ROUTE,8.7,355.64
790,2026-03-20,global cad solutions,OH EXPANSION,22.9,897.57
791,2026-02-26,global cad solutions,TN CORRIDOR FIBER,24.5,952.14
792,2026-01-03,global cad solutions,TX LONG HAUL,20.6,811.34
793,2026-01-12,Southfield GIS Inc.,OH EXPANSION,11.5,443.15
794,2026-02-09,Global CAD Solutions ,OH EXPANSION,21.5,897.11
795,2026-03-14,Dominion Aluminum & Fasteners,TN CORRIDOR FIBER,18.1,719.43
796,2026-02-08,Dominion Aluminum & Fasteners,TN CORRIDOR FIBER,24.8,980.84
797,2026-01-15,Dominion Aluminum & Fasteners,OH EXPANSION,5.4,213.94
798,2026-03-14,Southfield GIS Inc.,VA METRO ROUTE,18.8,730.71
799,2026-02-20,Dominion Aluminum & Fasteners,VA METRO ROUTE,15.7,637.18
800,2026-01-24,Dominion Aluminum & Fasteners,TX LONG HAUL,19.3,804.1
801,2026-02-08,global cad solutions,TN CORRIDOR FIBER,8.4,339.79
802,2026-02-12,Global CAD Solutions ,OH EXPANSION,21.6,835.04
803,2026-02-03,Southfield GIS Inc.,TX LONG HAUL,5.5,221.46
804,2026-01-15,Global CAD Solutions ,TX LONG HAUL,18.1,708.56
805,2026-01-25,global cad solutions,VA METRO ROUTE,18.1,734.61
806,2026-02-14,Southfield GIS Inc.,OH EXPANSION,16.5,683.16
807,2026-02-07,Global CAD Solutions ,TX LONG HAUL,19.6,759.36
808,2026-02-08,global cad solutions,OH EXPANSION,20.2,808.05
809,2026-01-06,Dominion Aluminum & Fasteners,TN CORRIDOR FIBER,27.1,1073.59
810,2026-02-17,Southfield GIS Inc.,TN CORRIDOR FIBER,15.7,639.2
811,2026-01-25,Southfield GIS Inc.,OH EXPANSION,21.9,882.68
812,2026-02-11,global cad solutions,VA METRO ROUTE,15.4,622.92
813,2026-03-14,Dominion Aluminum & Fasteners,VA METRO ROUTE,5.3,209.21
814,2026-02-18,global cad solutions,TN CORRIDOR FIBER,27.6,1156.56
815,2026-03-09,Global CAD Solutions ,TX LONG HAUL,6.7,264.95
816,2026-03-22,global cad solutions,TN CORRIDOR FIBER,23.9,938.99
817,2026-02-27,Dominion Aluminum & Fasteners,TX LONG HAUL,16.3,671.31
818,2026-03-20,Southfield GIS Inc.,OH EXPANSION,28.4,1165.21
819,2026-03-19,global cad solutions,VA METRO ROUTE,23.7,917.75
820,2026-02-22,Southfield GIS Inc.,TN CORRIDOR FIBER,29.9,1187.01
821,2026-01-07,global cad solutions,VA METRO ROUTE,11.4,457.67
822,2026-02-02,Dominion Aluminum & Fasteners,OH EXPANSION,8.7,342.66
823,2026-01-13,Global CAD Solutions ,OH EXPANSION,23.4,933.87
824,2026-01-20,Dominion Aluminum & Fasteners,VA METRO ROUTE,12.2,508.08
825,2026-02-24,global cad solutions,TX LONG HAUL,28.8,1177.65
826,2026-01-03,Global CAD Solutions ,TX LONG HAUL,12.5,497.37
827,2026-01-11,Dominion Aluminum & Fasteners,VA METRO ROUTE,11.1,433.48
828,2026-03-03,Dominion Aluminum & Fasteners,VA METRO ROUTE,11.6,453.77
829,2026-01-04,Southfield GIS Inc.,VA METRO ROUTE,27.8,1160.82
830,2026-02-06,Southfield GIS Inc.,TN CORRIDOR FIBER,5.7,230.75
831,2026-02-20,Dominion Aluminum & Fasteners,TN CORRIDOR FIBER,29.2,1174.11
832,2026-02-01,Southfield GIS Inc.,TN CORRIDOR FIBER,20.8,811.55
833,2026-03-11,global cad solutions,TX LONG HAUL,15.3,640.24
834,2026-02-08,Dominion Aluminum & Fasteners,VA METRO ROUTE,26.3,1043.16
835,2026-02-08,Global CAD Solutions ,TN CORRIDOR FIBER,25.6,1042.32
836,2026-02-27,Global CAD Solutions ,TN CORRIDOR FIBER,20.7,824.23
837,2026-01-06,Southfield GIS Inc.,VA METRO ROUTE,22.4,891.59
838,2026-03-17,global cad solutions,TN CORRIDOR FIBER,28.0,1125.51
839,2026-03-05,Southfield GIS Inc.,TX LONG HAUL,12.4,511.47
840,2026-03-23,Dominion Aluminum & Fasteners,VA METRO ROUTE,12.1,495.03
841,2026-01-13,global cad solutions,TN CORRIDOR FIBER,21.4,863.46
842,2026-01-23,Global CAD Solutions ,OH EXPANSION,28.4,1186.69
843,2026-02-18,global cad solutions,VA METRO ROUTE,20.0,803.43
844,2026-01-21,Southfield GIS Inc.,OH EXPANSION,30.0,1210.93
845,2026-01-10,Global CAD Solutions ,OH EXPANSION,17.0,671.53
846,2026-02-17,Dominion Aluminum & Fasteners,VA METRO ROUTE,14.8,569.9
847,2026-01-23,Global CAD Solutions ,OH EXPANSION,29.0,1205.66
848,2026-03-02,Global CAD Solutions ,OH EXPANSION,24.9,1013.34
849,2026-01-21,Dominion Aluminum & Fasteners,OH EXPANSION,21.4,839.48
850,2026-02-16,Southfield GIS Inc.,TX LONG HAUL,18.2,704.21
851,2026-01-24,global cad solutions,OH EXPANSION,29.2,1202.84
852,2026-02-24,Southfield GIS Inc.,OH EXPANSION,14.9,613.01
853,2026-01-23,Southfield GIS Inc.,TX LONG HAUL,11.8,477.29
854,2026-03-05,Global CAD Solutions ,OH EXPANSION,7.0,285.66
855,2026-03-26,Southfield GIS Inc.,VA METRO ROUTE,17.8,710.96
856,2026-01-11,global cad solutions,OH EXPANSION,17.9,691.56
857,2026-03-23,Southfield GIS Inc.,TX LONG HAUL,16.8,653.19
858,2026-03-06,Southfield GIS Inc.,TX LONG HAUL,9.1,358.85
859,2026-01-28,global cad solutions,VA METRO ROUTE,6.0,244.56
860,2026-03-07,Dominion Aluminum & Fasteners,OH EXPANSION,28.2,1099.84
861,2026-01-21,Southfield GIS Inc.,VA METRO ROUTE,28.9,1141.31
862,2026-01-24,Global CAD Solutions ,TN CORRIDOR FIBER,9.6,379.59
863,2026-01-26,global cad solutions,TN CORRIDOR FIBER,29.7,1219.22
864,2026-03-04,Global CAD Solutions ,OH EXPANSION,15.3,634.71
865,2026-03-23,global cad solutions,VA METRO ROUTE,7.0,290.0
866,2026-02-23,global cad solutions,OH EXPANSION,23.8,917.12
867,2026-01-11,Global CAD Solutions ,TX LONG HAUL,14.4,565.65
868,2026-02-09,global cad solutions,TN CORRIDOR FIBER,16.4,635.96
869,2026-02-04,Global CAD Solutions ,OH EXPANSION,17.6,737.76
870,2026-02-14,Southfield GIS Inc.,TX LONG HAUL,20.9,862.31
871,2026-03-15,global cad solutions,VA METRO ROUTE,16.0,643.74
872,2026-02-25,Global CAD Solutions ,VA METRO ROUTE,20.0,813.38
873,2026-03-18,global cad solutions,TX LONG HAUL,29.8,1221.38
874,2026-01-28,Dominion Aluminum & Fasteners,VA METRO ROUTE,27.9,1102.37
875,2026-01-11,Global CAD Solutions ,TX LONG HAUL,24.7,956.42
876,2026-02-15,Global CAD Solutions ,VA METRO ROUTE,16.9,701.56
877,2026-03-01,Dominion Aluminum & Fasteners,OH EXPANSION,15.9,624.05
878,2026-03-20,Global CAD Solutions ,OH EXPANSION,19.0,766.27
879,2026-02-05,global cad solutions,TX LONG HAUL,19.3,760.81
880,2026-02-19,Dominion Aluminum & Fasteners,TX LONG HAUL,20.2,795.96
881,2026-03-07,Southfield GIS Inc.,VA METRO ROUTE,24.8,985.94
882,2026-02-12,global cad solutions,TX LONG HAUL,29.3,1222.24
883,2026-03-21,Southfield GIS Inc.,OH EXPANSION,13.5,534.89
884,2026-01-08,Global CAD Solutions ,OH EXPANSION,26.8,1059.76
885,2026-01-14,Dominion Aluminum & Fasteners,OH EXPANSION,19.0,745.57
886,2026-01-10,Southfield GIS Inc.,TN CORRIDOR FIBER,21.2,818.01
887,2026-02-04,Global CAD Solutions ,TN CORRIDOR FIBER,23.4,939.0
888,2026-01-21,Dominion Aluminum & Fasteners,TN CORRIDOR FIBER,12.3,478.82
889,2026-01-26,global cad solutions,OH EXPANSION,19.2,750.69
890,2026-01-19,Global CAD Solutions ,OH EXPANSION,15.8,624.28
891,2026-03-02,Southfield GIS Inc.,TN CORRIDOR FIBER,8.0,310.89
892,2026-02-08,global cad solutions,TX LONG HAUL,15.0,595.87
893,2026-01-18,Dominion Aluminum & Fasteners,TN CORRIDOR FIBER,20.0,827.31
894,2026-01-03,Southfield GIS Inc.,VA METRO ROUTE,6.5,263.63
895,2026-02-07,Southfield GIS Inc.,OH EXPANSION,8.6,353.18
896,2026-02-03,Dominion Aluminum & Fasteners,TX LONG HAUL,15.0,614.29
897,2026-03-07,Southfield GIS Inc.,VA METRO ROUTE,14.8,616.89
898,2026-02-27,Southfield GIS Inc.,TX LONG HAUL,9.3,367.52
899,2026-03-02,Global CAD Solutions ,OH EXPANSION,10.5,419.34
900,2026-01-21,Southfield GIS Inc.,TX LONG HAUL,29.0,1135.46
901,2026-01-18,Dominion Aluminum & Fasteners,TX LONG HAUL,19.3,743.15
902,2026-01-08,Global CAD Solutions ,TX LONG HAUL,26.7,1103.29
903,2026-01-26,Dominion Aluminum & Fasteners,VA METRO ROUTE,18.8,739.18
904,2026-01-16,Global CAD Solutions ,VA METRO ROUTE,6.4,259.42
905,2026-01-21,global cad solutions,VA METRO ROUTE,8.7,364.36
906,2026-03-19,Global CAD Solutions ,OH EXPANSION,14.6,580.55
907,2026-02-25,Global CAD Solutions ,TX LONG HAUL,17.0,654.79
908,2026-03-16,Dominion Aluminum & Fasteners,TX LONG HAUL,23.3,935.2
909,2026-01-16,Southfield GIS Inc.,VA METRO ROUTE,27.9,1107.38
910,2026-01-12,global cad solutions,TX LONG HAUL,13.8,539.66
911,2026-02-14,Global CAD Solutions ,VA METRO ROUTE,23.0,905.77
912,2026-02-26,Global CAD Solutions ,TN CORRIDOR FIBER,23.1,945.35
913,2026-03-01,Southfield GIS Inc.,OH EXPANSION,18.3,764.84
914,2026-02-08,global cad solutions,TN CORRIDOR FIBER,17.5,692.84
915,2026-03-12,Southfield GIS Inc.,TN CORRIDOR FIBER,13.0,508.56
916,2026-02-16,Southfield GIS Inc.,VA METRO ROUTE,7.8,319.13
917,2026-02-03,Southfield GIS Inc.,TX LONG HAUL,17.6,708.81
918,2026-03-28,Southfield GIS Inc.,VA METRO ROUTE,25.3,1033.16
919,2026-01-07,Global CAD Solutions ,TX LONG HAUL,14.4,584.24
920,2026-01-20,Southfield GIS Inc.,TX LONG HAUL,23.1,936.8
921,2026-03-21,Global CAD Solutions ,TN CORRIDOR FIBER,29.1,1150.03
922,2026-03-01,Southfield GIS Inc.,VA METRO ROUTE,17.6,696.42
923,2026-01-26,global cad solutions,TN CORRIDOR FIBER,26.1,1032.74
924,2026-02-17,Dominion Aluminum & Fasteners,VA METRO ROUTE,7.5,293.3
925,2026-02-22,Dominion Aluminum & Fasteners,VA METRO ROUTE,8.7,337.59
926,2026-03-15,global cad solutions,TN CORRIDOR FIBER,26.7,1031.09
927,2026-02-12,Global CAD Solutions ,TN CORRIDOR FIBER,5.6,232.71
928,2026-03-24,Dominion Aluminum & Fasteners,TX LONG HAUL,17.3,723.0
929,2026-01-17,Global CAD Solutions ,TX LONG HAUL,18.6,780.87
930,2026-01-26,global cad solutions,VA METRO ROUTE,21.5,831.65
931,2026-01-03,Dominion Aluminum & Fasteners,TN CORRIDOR FIBER,26.9,1041.44
932,2026-01-14,Dominion Aluminum & Fasteners,TX LONG HAUL,19.6,755.19
933,2026-01-27,global cad solutions,VA METRO ROUTE,9.7,398.98
934,2026-03-27,global cad solutions,TX LONG HAUL,10.7,419.88
935,2026-03-08,Global CAD Solutions ,VA METRO ROUTE,21.2,847.32
936,2026-03-05,Global CAD Solutions ,VA METRO ROUTE,10.7,429.67
937,2026-01-25,Global CAD Solutions ,OH EXPANSION,8.2,330.92
938,2026-01-02,Dominion Aluminum & Fasteners,OH EXPANSION,18.1,725.17
939,2026-02-11,Dominion Aluminum & Fasteners,TX LONG HAUL,11.0,453.82
940,2026-01-07,Global CAD Solutions ,TX LONG HAUL,13.7,550.58
941,2026-03-15,global cad solutions,OH EXPANSION,10.4,431.68
942,2026-02-15,Dominion Aluminum & Fasteners,TN CORRIDOR FIBER,23.0,902.43
943,2026-01-10,Global CAD Solutions ,VA METRO ROUTE,5.7,226.31
944,2026-02-02,global cad solutions,TX LONG HAUL,26.4,1079.18
945,2026-01-22,Global CAD Solutions ,TX LONG HAUL,5.9,227.3
946,2026-03-17,Southfield GIS Inc.,TX LONG HAUL,25.9,1075.1
947,2026-01-02,Global CAD Solutions ,VA METRO ROUTE,9.6,380.57
948,2026-02-12,global cad solutions,TN CORRIDOR FIBER,26.8,1051.53
949,2026-02-02,global cad solutions,VA METRO ROUTE,7.8,312.3
950,2026-01-25,global cad solutions,TN CORRIDOR FIBER,29.9,1225.9
951,2026-03-25,Dominion Aluminum & Fasteners,TN CORRIDOR FIBER,29.4,1231.22
952,2026-03-25,global cad solutions,TN CORRIDOR FIBER,15.1,587.16
953,2026-02-28,global cad solutions,TX LONG HAUL,6.0,231.32
954,2026-01-02,global cad solutions,VA METRO ROUTE,21.5,829.49
955,2026-03-10,Dominion Aluminum & Fasteners,OH EXPANSION,17.2,693.88
956,2026-03-27,Global CAD Solutions ,OH EXPANSION,20.3,799.18
957,2026-02-24,Dominion Aluminum & Fasteners,TN CORRIDOR FIBER,24.7,1005.75
958,2026-03-14,Southfield GIS Inc.,TX LONG HAUL,6.5,256.24
959,2026-02-04,Southfield GIS Inc.,OH EXPANSION,29.0,1179.66
960,2026-03-13,Dominion Aluminum & Fasteners,OH EXPANSION,16.0,664.68
961,2026-03-25,Global CAD Solutions ,VA METRO ROUTE,18.6,727.37
962,2026-03-07,global cad solutions,OH EXPANSION,27.1,1134.3
963,2026-02-16,Southfield GIS Inc.,OH EXPANSION,22.2,883.49
964,2026-02-26,global cad solutions,TN CORRIDOR FIBER,29.7,1157.68
965,2026-02-07,global cad solutions,TN CORRIDOR FIBER,7.2,284.71
966,2026-02-23,Dominion Aluminum & Fasteners,OH EXPANSION,28.9,1192.95
967,2026-01-24,Southfield GIS Inc.,OH EXPANSION,16.6,694.46
968,2026-03-03,Southfield GIS Inc.,TX LONG HAUL,8.5,328.8
969,2026-03-16,global cad solutions,VA METRO ROUTE,23.3,957.17
970,2026-01-24,Southfield GIS Inc.,TN CORRIDOR FIBER,17.2,668.54
971,2026-01-12,Global CAD Solutions ,TX LONG HAUL,27.2,1051.63
972,2026-01-11,Dominion Aluminum & Fasteners,TN CORRIDOR FIBER,20.9,836.1
973,2026-01-15,Global CAD Solutions ,TN CORRIDOR FIBER,22.2,902.26
974,2026-02-06,global cad solutions,OH EXPANSION,11.6,470.21
975,2026-03-08,Southfield GIS Inc.,VA METRO ROUTE,25.2,977.66
976,2026-03-10,Global CAD Solutions ,VA METRO ROUTE,18.9,774.91
977,2026-02-22,global cad solutions,VA METRO ROUTE,23.1,931.88
978,2026-01-11,global cad solutions,OH EXPANSION,20.3,814.5
979,2026-01-13,Dominion Aluminum & Fasteners,TX LONG HAUL,18.8,788.63
980,2026-01-04,Global CAD Solutions ,OH EXPANSION,24.3,985.7
981,2026-03-28,Dominion Aluminum & Fasteners,OH EXPANSION,7.1,283.07
982,2026-03-21,Dominion Aluminum & Fasteners,VA METRO ROUTE,27.2,1138.52
983,2026-01-08,Dominion Aluminum & Fasteners,VA METRO ROUTE,27.8,1070.36
984,2026-01-17,Global CAD Solutions ,TX LONG HAUL,14.2,592.11
985,2026-02-21,global cad solutions,VA METRO ROUTE,8.7,361.52
986,2026-01-24,Dominion Aluminum & Fasteners,TN CORRIDOR FIBER,5.7,226.64
987,2026-03-13,Dominion Aluminum & Fasteners,TN CORRIDOR FIBER,17.1,695.66
988,2026-02-09,Dominion Aluminum & Fasteners,VA METRO ROUTE,27.9,1157.45
989,2026-02-03,Southfield GIS Inc.,TN CORRIDOR FIBER,27.2,1094.53
990,2026-03-22,global cad solutions,OH EXPANSION,10.2,410.92
991,2026-01-26,Global CAD Solutions ,TN CORRIDOR FIBER,16.4,633.86
992,2026-03-16,Global CAD Solutions ,TX LONG HAUL,18.4,710.37
993,2026-01-08,global cad solutions,TX LONG HAUL,5.1,200.72
994,2026-03-05,Southfield GIS Inc.,OH EXPANSION,29.1,1214.61
995,2026-02-03,Dominion Aluminum & Fasteners,TN CORRIDOR FIBER,29.3,1206.21
996,2026-03-23,Global CAD Solutions ,OH EXPANSION,23.8,998.24
997,2026-02-19,Global CAD Solutions ,TN CORRIDOR FIBER,10.6,432.26
998,2026-03-23,Dominion Aluminum & Fasteners,OH EXPANSION,16.9,675.47
999,2026-01-25,Global CAD Solutions ,OH EXPANSION,28.4,1136.33
1000,2026-01-01,Global CAD Solutions ,VA METRO ROUTE,21.0,823.67
1001,2026-03-22,global cad solutions,TN CORRIDOR FIBER,27.7,1077.49
1002,2026-02-28,Southfield GIS Inc.,OH EXPANSION,29.8,1238.31
1003,2026-03-16,Global CAD Solutions ,VA METRO ROUTE,8.9,343.58
1004,2026-03-24,global cad solutions,TX LONG HAUL,9.6,397.09
1005,2026-02-06,global cad solutions,VA METRO ROUTE,20.6,804.63
1006,2026-01-16,Global CAD Solutions ,TN CORRIDOR FIBER,15.7,633.76
1007,2026-02-03,Southfield GIS Inc.,OH EXPANSION,25.0,1043.47
1008,2026-01-11,Global CAD Solutions ,TN CORRIDOR FIBER,5.5,225.68
1009,2026-01-11,Southfield GIS Inc.,OH EXPANSION,27.5,1112.38
1010,2026-02-16,Dominion Aluminum & Fasteners,TN CORRIDOR FIBER,16.5,639.11
1011,2026-01-27,global cad solutions,TN CORRIDOR FIBER,13.6,546.02
1012,2026-01-13,Global CAD Solutions ,TX LONG HAUL,11.0,452.07
1013,2026-02-14,Southfield GIS Inc.,TN CORRIDOR FIBER,7.4,301.08
1014,2026-03-15,Dominion Aluminum & Fasteners,OH EXPANSION,22.3,889.94
1015,2026-03-16,Global CAD Solutions ,OH EXPANSION,9.8,382.03
1016,2026-02-07,Southfield GIS Inc.,OH EXPANSION,29.1,1191.54
1017,2026-02-06,Southfield GIS Inc.,TX LONG HAUL,26.5,1039.48
1018,2026-03-22,global cad solutions,VA METRO ROUTE,5.7,230.68
1019,2026-02-09,Southfield GIS Inc.,VA METRO ROUTE,29.1,1200.06
1020,2026-01-17,Dominion Aluminum & Fasteners,TX LONG HAUL,16.4,657.61
1021,2026-02-13,Global CAD Solutions ,OH EXPANSION,24.3,969.65
1022,2026-02-18,Global CAD Solutions ,TX LONG HAUL,13.4,549.37
1023,2026-03-17,Southfield GIS Inc.,OH EXPANSION,28.2,1135.46
1024,2026-02-19,Global CAD Solutions ,TN CORRIDOR FIBER,10.1,407.88
1025,2026-03-05,Southfield GIS Inc.,VA METRO ROUTE,17.7,688.46
1026,2026-03-15,global cad solutions,OH EXPANSION,15.3,589.33
1027,2026-01-28,Global CAD Solutions ,VA METRO ROUTE,16.6,657.85
1028,2026-03-05,Southfield GIS Inc.,OH EXPANSION,5.5,222.35
1029,2026-03-18,Dominion Aluminum & Fasteners,TX LONG HAUL,13.6,543.65
1030,2026-03-01,Southfield GIS Inc.,VA METRO ROUTE,27.8,1077.66
1031,2026-02-27,Dominion Aluminum & Fasteners,TX LONG HAUL,29.5,1218.34
1032,2026-03-11,Southfield GIS Inc.,VA METRO ROUTE,27.7,1147.19
1033,2026-01-25,Southfield GIS Inc.,VA METRO ROUTE,18.9,744.33
1034,2026-02-23,Southfield GIS Inc.,VA METRO ROUTE,27.3,1096.94
1035,2026-02-03,Global CAD Solutions ,TN CORRIDOR FIBER,18.3,751.05
1036,2026-02-21,Global CAD Solutions ,TX LONG HAUL,18.8,776.29
1037,2026-01-09,Southfield GIS Inc.,VA METRO ROUTE,21.0,856.02
1038,2026-01-13,Southfield GIS Inc.,OH EXPANSION,24.6,954.6
1039,2026-01-25,Global CAD Solutions ,TN CORRIDOR FIBER,21.2,854.99
1040,2026-03-05,Southfield GIS Inc.,VA METRO ROUTE,12.3,476.98
1041,2026-03-09,global cad solutions,OH EXPANSION,24.4,1000.96
1042,2026-03-19,Southfield GIS Inc.,VA METRO ROUTE,21.0,816.79
1043,2026-01-03,Southfield GIS Inc.,TN CORRIDOR FIBER,22.0,865.07
1044,2026-03-10,Southfield GIS Inc.,OH EXPANSION,17.6,690.21
1045,2026-02-09,Dominion Aluminum & Fasteners,TX LONG HAUL,13.6,529.87
1046,2026-03-15,Dominion Aluminum & Fasteners,TN CORRIDOR FIBER,11.1,463.7
1047,2026-01-23,Global CAD Solutions ,TN CORRIDOR FIBER,18.3,725.37
1048,2026-02-21,Global CAD Solutions ,TX LONG HAUL,17.2,685.61
1049,2026-01-02,Dominion Aluminum & Fasteners,VA METRO ROUTE,9.5,390.15
1050,2026-02-07,Dominion Aluminum & Fasteners,TN CORRIDOR FIBER,16.9,678.4
1051,2026-01-12,Global CAD Solutions ,TX LONG HAUL,23.5,942.02
1052,2026-01-21,Global CAD Solutions ,OH EXPANSION,12.6,503.49
1053,2026-02-06,global cad solutions,VA METRO ROUTE,29.3,1134.15
1054,2026-01-03,Southfield GIS Inc.,TX LONG HAUL,8.3,335.31
1055,2026-03-16,Global CAD Solutions ,OH EXPANSION,5.7,224.82
1056,2026-03-15,Southfield GIS Inc.,VA METRO ROUTE,26.7,1034.22
1057,2026-02-28,global cad solutions,TN CORRIDOR FIBER,17.4,722.18
1058,2026-01-14,global cad solutions,TN CORRIDOR FIBER,14.0,560.88
1059,2026-01-08,global cad solutions,TN CORRIDOR FIBER,11.7,488.94
1060,2026-03-13,Southfield GIS Inc.,TN CORRIDOR FIBER,15.8,650.27
1061,2026-03-24,Dominion Aluminum & Fasteners,VA METRO ROUTE,10.0,393.32
1062,2026-02-14,Dominion Aluminum & Fasteners,TN CORRIDOR FIBER,24.1,1010.7
1063,2026-02-11,Dominion Aluminum & Fasteners,OH EXPANSION,18.0,693.43
1064,2026-03-19,Global CAD Solutions ,OH EXPANSION,19.8,802.98
1065,2026-02-16,global cad solutions,VA METRO ROUTE,13.8,560.56
1066,2026-01-08,Dominion Aluminum & Fasteners,TN CORRIDOR FIBER,13.8,573.96
1067,2026-01-03,global cad solutions,VA METRO ROUTE,24.8,981.6
1068,2026-03-21,Southfield GIS Inc.,TX LONG HAUL,16.8,663.26
1069,2026-01-21,Dominion Aluminum & Fasteners,VA METRO ROUTE,12.7,500.28
1070,2026-03-21,global cad solutions,TX LONG HAUL,20.1,774.65
1071,2026-01-05,Global CAD Solutions ,TX LONG HAUL,18.8,757.1
1072,2026-02-09,Southfield GIS Inc.,OH EXPANSION,26.2,1039.75
1073,2026-03-17,Dominion Aluminum & Fasteners,TN CORRIDOR FIBER,12.5,524.08
1074,2026-03-22,Global CAD Solutions ,TX LONG HAUL,18.0,719.92
1075,2026-03-14,Dominion Aluminum & Fasteners,TN CORRIDOR FIBER,27.6,1109.22
1076,2026-01-09,Southfield GIS Inc.,VA METRO ROUTE,15.9,664.58
1077,2026-03-23,Dominion Aluminum & Fasteners,OH EXPANSION,16.4,646.91
1078,2026-02-09,Global CAD Solutions ,VA METRO ROUTE,14.1,544.2
1079,2026-03-13,Global CAD Solutions ,VA METRO ROUTE,12.9,508.91
1080,2026-03-25,Dominion Aluminum & Fasteners,VA METRO ROUTE,23.1,913.94
1081,2026-03-02,global cad solutions,TN CORRIDOR FIBER,25.3,990.37
1082,2026-01-09,Dominion Aluminum & Fasteners,TN CORRIDOR FIBER,11.9,480.64
1083,2026-03-08,Global CAD Solutions ,VA METRO ROUTE,18.7,725.54
1084,2026-01-28,Global CAD Solutions ,OH EXPANSION,20.2,843.35
1085,2026-03-14,Global CAD Solutions ,OH EXPANSION,21.2,856.0
1086,2026-03-20,Southfield GIS Inc.,TN CORRIDOR FIBER,11.5,457.96
1087,2026-01-24,global cad solutions,TN CORRIDOR FIBER,24.0,936.58
1088,2026-01-13,global cad solutions,TX LONG HAUL,23.1,950.01
1089,2026-02-01,global cad solutions,TX LONG HAUL,25.1,994.88
1090,2026-02-01,Southfield GIS Inc.,TN CORRIDOR FIBER,23.6,955.63
1091,2026-01-23,Global CAD Solutions ,TN CORRIDOR FIBER,20.1,811.57
1092,2026-01-21,Global CAD Solutions ,TX LONG HAUL,19.0,739.21
1093,2026-01-22,Global CAD Solutions ,OH EXPANSION,26.4,1047.48
1094,2026-01-19,Dominion Aluminum & Fasteners,TX LONG HAUL,14.1,583.76
1095,2026-02-06,Southfield GIS Inc.,TN CORRIDOR FIBER,16.1,626.77
1096,2026-01-11,Global CAD Solutions ,VA METRO ROUTE,28.8,1207.62
1097,2026-03-25,global cad solutions,VA METRO ROUTE,21.6,867.04
1098,2026-02-15,global cad solutions,TX LONG HAUL,8.8,364.82
1099,2026-03-13,Southfield GIS Inc.,VA METRO ROUTE,24.9,1003.73
1100,2026-02-14,Southfield GIS Inc.,VA METRO ROUTE,7.1,274.32
1101,2026-01-14,Global CAD Solutions ,OH EXPANSION,29.6,1145.34
1102,2026-03-02,Southfield GIS Inc.,TN CORRIDOR FIBER,22.2,859.16
1103,2026-02-08,global cad solutions,VA METRO ROUTE,13.9,535.94
1104,2026-01-28,Global CAD Solutions ,VA METRO ROUTE,16.5,657.28
1105,2026-03-26,Dominion Aluminum & Fasteners,OH EXPANSION,23.4,971.06
1106,2026-01-14,Dominion Aluminum & Fasteners,OH EXPANSION,12.1,503.88
1107,2026-03-12,Southfield GIS Inc.,TX LONG HAUL,21.3,848.42
1108,2026-02-03,Dominion Aluminum & Fasteners,OH EXPANSION,15.2,632.33
1109,2026-03-05,Southfield GIS Inc.,OH EXPANSION,22.4,902.14
1110,2026-01-17,Global CAD Solutions ,VA METRO ROUTE,17.1,665.55
1111,2026-03-14,global cad solutions,OH EXPANSION,7.5,308.09
1112,2026-02-28,Dominion Aluminum & Fasteners,VA METRO ROUTE,19.4,786.23
1113,2026-03-10,global cad solutions,OH EXPANSION,24.4,1022.25
1114,2026-01-23,Global CAD Solutions ,TX LONG HAUL,27.8,1085.95
1115,2026-01-05,Global CAD Solutions ,OH EXPANSION,28.0,1140.48
1116,2026-01-17,Global CAD Solutions ,TN CORRIDOR FIBER,16.8,679.25
1117,2026-02-08,Dominion Aluminum & Fasteners,TN CORRIDOR FIBER,5.6,224.4
1118,2026-02-13,global cad solutions,TN CORRIDOR FIBER,9.5,396.96
1119,2026-01-13,Dominion Aluminum & Fasteners,VA METRO ROUTE,5.4,222.76
1120,2026-03-22,global cad solutions,TN CORRIDOR FIBER,25.6,1020.42
1121,2026-03-25,Dominion Aluminum & Fasteners,TN CORRIDOR FIBER,25.1,1023.4
1122,2026-01-09,global cad solutions,OH EXPANSION,21.7,868.61
1123,2026-01-10,Dominion Aluminum & Fasteners,TN CORRIDOR FIBER,24.4,1005.28
1124,2026-01-06,global cad solutions,TX LONG HAUL,29.4,1195.75
1125,2026-03-07,Global CAD Solutions ,TX LONG HAUL,18.4,716.97
1126,2026-02-23,Dominion Aluminum & Fasteners,OH EXPANSION,7.9,322.71
1127,2026-01-14,Dominion Aluminum & Fasteners,VA METRO ROUTE,9.7,395.05
1128,2026-02-24,Dominion Aluminum & Fasteners,TN CORRIDOR FIBER,16.7,698.54
1129,2026-02-27,Dominion Aluminum & Fasteners,VA METRO ROUTE,26.1,1082.29
1130,2026-01-25,global cad solutions,OH EXPANSION,27.2,1129.36
1131,2026-03-19,Global CAD Solutions ,TN CORRIDOR FIBER,13.3,525.89
1132,2026-02-03,Global CAD Solutions ,OH EXPANSION,11.7,474.91
1133,2026-02-03,global cad solutions,TX LONG HAUL,6.0,245.24
1134,2026-02-08,Southfield GIS Inc.,OH EXPANSION,20.8,825.54
1135,2026-01-06,global cad solutions,TX LONG HAUL,20.7,866.47
1136,2026-01-18,Global CAD Solutions ,TN CORRIDOR FIBER,14.2,550.49
1137,2026-02-27,Global CAD Solutions ,TX LONG HAUL,6.0,248.35
1138,2026-01-14,Southfield GIS Inc.,TX LONG HAUL,14.5,564.85
1139,2026-03-12,global cad solutions,VA METRO ROUTE,17.6,681.31
1140,2026-01-03,Global CAD Solutions ,TX LONG HAUL,8.2,320.75
1141,2026-02-23,global cad solutions,TX LONG HAUL,26.3,1045.64
1142,2026-02-03,global cad solutions,TX LONG HAUL,20.5,831.52
1143,2026-03-16,Southfield GIS Inc.,VA METRO ROUTE,17.8,701.29
1144,2026-02-28,global cad solutions,OH EXPANSION,29.4,1230.83
1145,2026-03-22,global cad solutions,TX LONG HAUL,9.2,365.37
1146,2026-01-14,Global CAD Solutions ,VA METRO ROUTE,8.4,331.41
1147,2026-03-07,Global CAD Solutions ,VA METRO ROUTE,19.3,765.59
1148,2026-02-18,Dominion Aluminum & Fasteners,OH EXPANSION,22.9,898.27
1149,2026-03-12,global cad solutions,TX LONG HAUL,11.1,457.58
1150,2026-01-23,Southfield GIS Inc.,TN CORRIDOR FIBER,14.9,615.09
1151,2026-02-07,Southfield GIS Inc.,OH EXPANSION,17.5,675.73
1152,2026-02-14,Global CAD Solutions ,OH EXPANSION,20.5,800.31
1153,2026-01-02,global cad solutions,VA METRO ROUTE,23.5,958.39
1154,2026-02-19,Dominion Aluminum & Fasteners,VA METRO ROUTE,14.7,597.08
1155,2026-01-05,Southfield GIS Inc.,VA METRO ROUTE,11.4,476.15
1156,2026-01-12,Global CAD Solutions ,OH EXPANSION,26.4,1065.98
1157,2026-01-12,Dominion Aluminum & Fasteners,TN CORRIDOR FIBER,20.8,816.72
1158,2026-01-01,Global CAD Solutions ,TX LONG HAUL,19.1,801.9
1159,2026-01-04,Global CAD Solutions ,TN CORRIDOR FIBER,27.0,1127.43
1160,2026-02-21,Global CAD Solutions ,TN CORRIDOR FIBER,6.6,273.28
1161,2026-02-09,global cad solutions,TN CORRIDOR FIBER,7.1,296.5
1162,2026-03-11,Dominion Aluminum & Fasteners,TX LONG HAUL,28.0,1157.5
1163,2026-01-02,Southfield GIS Inc.,TN CORRIDOR FIBER,10.3,421.14
1164,2026-02-24,Global CAD Solutions ,TN CORRIDOR FIBER,17.4,716.21
1165,2026-03-23,Southfield GIS Inc.,TX LONG HAUL,14.1,591.44
1166,2026-03-15,global cad solutions,OH EXPANSION,20.4,855.21
1167,2026-02-26,Dominion Aluminum & Fasteners,OH EXPANSION,29.9,1254.8
1168,2026-03-24,Dominion Aluminum & Fasteners,OH EXPANSION,24.3,1008.75
1169,2026-02-22,Global CAD Solutions ,OH EXPANSION,11.2,433.0
1170,2026-01-28,Global CAD Solutions ,VA METRO ROUTE,25.7,1021.39
1171,2026-02-06,Dominion Aluminum & Fasteners,OH EXPANSION,15.9,619.55
1172,2026-02-06,Global CAD Solutions ,OH EXPANSION,10.3,427.9
1173,2026-01-22,Global CAD Solutions ,TN CORRIDOR FIBER,24.4,1024.19
1174,2026-02-28,Global CAD Solutions ,TX LONG HAUL,21.4,844.48
1175,2026-01-02,global cad solutions,VA METRO ROUTE,28.6,1173.03
1176,2026-03-05,Global CAD Solutions ,OH EXPANSION,15.9,613.53
1177,2026-01-26,global cad solutions,TN CORRIDOR FIBER,11.8,458.1
1178,2026-03-06,Southfield GIS Inc.,TX LONG HAUL,18.3,707.47
1179,2026-03-03,Southfield GIS Inc.,VA METRO ROUTE,10.8,443.5
1180,2026-01-15,Dominion Aluminum & Fasteners,VA METRO ROUTE,13.2,522.07
1181,2026-01-15,Dominion Aluminum & Fasteners,OH EXPANSION,22.3,886.07
1182,2026-01-25,Global CAD Solutions ,TX LONG HAUL,24.7,976.73
1183,2026-02-09,Global CAD Solutions ,TX LONG HAUL,6.7,277.56
1184,2026-01-01,global cad solutions,VA METRO ROUTE,18.1,717.35
1185,2026-01-08,global cad solutions,TX LONG HAUL,14.8,583.76
1186,2026-02-23,Global CAD Solutions ,VA METRO ROUTE,5.5,215.88
1187,2026-03-01,Global CAD Solutions ,VA METRO ROUTE,5.7,237.46
1188,2026-02-20,Dominion Aluminum & Fasteners,TN CORRIDOR FIBER,29.6,1212.6
1189,2026-02-27,Southfield GIS Inc.,TX LONG HAUL,21.1,884.46
1190,2026-01-23,Dominion Aluminum & Fasteners,TN CORRIDOR FIBER,16.6,645.47
1191,2026-03-02,Dominion Aluminum & Fasteners,TX LONG HAUL,16.1,631.64
1192,2026-01-06,Global CAD Solutions ,VA METRO ROUTE,11.4,442.03
1193,2026-01-24,global cad solutions,TX LONG HAUL,7.8,301.01
1194,2026-01-11,Global CAD Solutions ,VA METRO ROUTE,10.5,433.75
1195,2026-03-15,Global CAD Solutions ,TN CORRIDOR FIBER,5.4,217.63
1196,2026-01-12,global cad solutions,VA METRO ROUTE,26.7,1040.67
1197,2026-01-15,Global CAD Solutions ,VA METRO ROUTE,13.6,533.27
1198,2026-02-21,Southfield GIS Inc.,VA METRO ROUTE,27.6,1133.48
1199,2026-01-07,Southfield GIS Inc.,TN CORRIDOR FIBER,22.0,894.59
1200,2026-01-03,Southfield GIS Inc.,VA METRO ROUTE,10.5,430.22
